applicant_id,age,annual_income,loan_amount,principal_amount,credit_score,employment_years,monthly_payment,home_ownership,loan_purpose,application_date,country_origin,underwriting_flag,loan_status
APP-10000,43,52845.86,17500.0,17496.23,593,6.3,$601.73,RENT,debt_consolidation,2024/05/03,United States,0,1
APP-10001,36,,6600.0,6599.43,553,3.1,$230.17,OWN,home_improvement,2024/06/28,United States,0,1
APP-10002,45,52753.14,9100.0,9097.28,545,,$318.25,MORTGAGE,home_improvement,2024/03/28,United States,1,0
APP-10003,54,67912.73,29600.0,29606.32,578,,"$1,023.20",MORTGAGE,medical,2024/03/23,United States,1,0
APP-10004,35,50479.17,12100.0,12101.31,626,,$411.20,,medical,2024/01/12,United States,0,1
APP-10005,35,50229.36,8900.0,8896.08,826,14.4,$281.36,RENT,credit_card,2024/02/21,United States,0,1
APP-10006,55,32170.49,10600.0,10597.65,640,1.9,$358.43,OWN,small_business,2024/05/08,United States,0,1
APP-10007,46,32933.95,11100.0,11105.61,693,10.3,$368.28,OWN,debt_consolidation,2024/05/14,United States,0,1
APP-10008,32,21129.74,7300.0,7308.0,710,44.0,$240.72,RENT,debt_consolidation,2024/05/24,United States,0,1
APP-10009,43,140048.78,32200.0,32207.64,689,1.4,"$1,069.89",RENT,medical,2024/05/06,United States,0,1
APP-10010,32,23241.2,3600.0,3603.79,674,1.8,$120.26,MORTGAGE,medical,2024/06/19,United States,0,1
APP-10011,32,,14200.0,14198.74,590,6.5,$488.78,RENT,credit_card,2024/03/11,United States,0,1
APP-10012,-4,31855.19,7200.0,7183.79,788,20.2,$230.81,RENT,small_business,2024/01/17,United States,0,1
APP-10013,18,83864.24,29600.0,29601.49,815,14.8,$939.55,RENT,credit_card,2024/01/03,United States,0,1
APP-10014,19,41069.88,14900.0,14899.99,553,,$519.62,,small_business,2024/01/29,United States,0,1
APP-10015,31,103636.54,34500.0,34500.7,603,9.5,"$1,182.06",OWN,debt_consolidation,2024/01/22,United States,0,1
APP-10016,26,32725.36,8000.0,8000.27,659,0.9,$268.69,MORTGAGE,credit_card,2024/06/14,United States,0,1
APP-10017,41,57953.51,13400.0,13393.37,607,22.7,$458.47,MORTGAGE,medical,2024/02/23,United States,0,1
APP-10018,28,29696.72,9800.0,9802.79,717,20.0,$322.35,,credit_card,2024/04/16,United States,0,1
APP-10019,22,177564.55,72800.0,72803.16,625,1.1,"$2,474.89",,credit_card,2024/06/26,United States,0,1
APP-10020,54,24039.2,10400.0,10403.41,842,2.1,$326.86,RENT,debt_consolidation,2024/03/09,United States,1,0
APP-10021,35,,10700.0,10704.73,769,0.6,$345.38,RENT,medical,2024/06/06,United States,0,1
APP-10022,38,-45000.0,14100.0,14103.02,695,1.9,$467.48,MORTGAGE,medical,2024/05/30,United States,0,1
APP-10023,22,62835.75,27200.0,27197.95,757,10.2,$881.82,CO_LIVING,home_improvement,2024/04/29,United States,0,1
APP-10024,32,43863.04,16300.0,16299.65,762,2.9,$527.49,RENT,home_improvement,2024/02/16,United States,0,1
APP-10025,39,,18800.0,18800.46,637,0.6,$636.39,RENT,home_improvement,2024/05/28,United States,0,1
APP-10026,25,,10600.0,10600.54,618,2.5,$361.25,OWN,debt_consolidation,2024/01/20,United States,0,1
APP-10027,42,44882.3,14600.0,14604.99,685,23.9,$485.80,RENT,credit_card,2024/05/30,United States,1,0
APP-10028,31,87406.72,31500.0,31503.22,744,6.0,"$1,026.06",RENT,medical,2024/05/28,United States,0,1
APP-10029,34,184667.8,65400.0,65410.39,690,,"$2,172.22",RENT,medical,2024/01/21,United States,0,1
APP-10030,31,35084.16,9600.0,9611.03,561,1.1,$333.85,RENT,credit_card,2024/01/01,United States,1,0
APP-10031,58,,3300.0,3300.4,619,25.7,$112.43,MORTGAGE,medical,2024/05/22,United States,0,1
APP-10032,37,46491.78,15100.0,15080.82,674,10.3,$504.43,RENT,credit_card,2024/01/17,United States,0,1
APP-10033,26,230458.39,52100.0,52106.18,674,2.0,"$1,740.44",RENT,debt_consolidation,2024/02/20,United States,0,1
APP-10034,47,,8600.0,8597.3,827,,$271.78,OWN,debt_consolidation,2024/01/14,United States,0,1
APP-10035,24,131067.81,57300.0,57295.99,576,0.3,"$1,982.12",MORTGAGE,debt_consolidation,2024/02/28,United States,1,0
APP-10036,40,134137.48,36200.0,36198.01,-999,0.8,"$1,190.72",RENT,credit_card,2024/03/23,United States,0,1
APP-10037,18,35166.42,14100.0,14097.77,791,,$451.50,RENT,credit_card,2024/02/19,United States,0,1
APP-10038,23,68967.44,14200.0,14203.06,850,15.9,$444.98,RENT,small_business,2024/05/03,United States,0,1
APP-10039,40,130227.47,45800.0,45792.2,649,4.1,"$1,543.73",MORTGAGE,medical,2024/02/03,United States,1,0
APP-10040,46,39047.08,17300.0,17294.61,716,11.1,$569.25,OWN,medical,2024/01/06,United States,0,1
APP-10041,39,43384.25,7800.0,7801.72,722,3.5,$256.10,MORTGAGE,small_business,2024/04/18,United States,0,1
APP-10042,36,34578.64,5300.0,5303.11,694,7.4,$175.78,,small_business,2024/02/18,United States,0,1
APP-10043,34,,7500.0,7503.21,672,7.9,$250.72,CO_LIVING,debt_consolidation,2024/01/06,United States,0,1
APP-10044,21,33204.26,5900.0,5896.06,712,1.1,$194.42,CO_LIVING,small_business,2024/04/26,United States,0,1
APP-10045,999,23520.69,8800.0,8795.11,490,2.7,$313.74,OWN,credit_card,2024/04/27,United States,0,1
APP-10046,32,50033.6,21200.0,21197.47,731,,$693.81,RENT,home_improvement,2024/01/07,United States,0,1
APP-10047,49,30884.7,8700.0,8701.2,689,0.4,$289.07,OTHER,credit_card,2024/04/06,United States,0,1
APP-10048,41,56402.66,12800.0,12807.43,663,,$429.28,RENT,small_business,2024/06/27,United States,0,1
APP-10049,18,19273.04,5400.0,5389.76,833,4.6,$170.28,CO_LIVING,medical,2024/04/27,United States,0,1
APP-10050,41,,21900.0,21898.9,629,33.5,$743.45,MORTGAGE,credit_card,2024/05/08,United States,0,1
APP-10051,33,80831.12,12300.0,12293.34,649,3.9,$414.58,CO_LIVING,medical,2024/05/20,United States,0,1
APP-10052,30,14820.38,4800.0,4791.74,829,10.2,$151.58,OWN,credit_card,2024/06/19,United States,0,1
APP-10053,44,61355.12,20500.0,20504.83,617,3.4,$698.90,OWN,medical,2024/01/27,United States,0,1
APP-10054,49,102395.84,34900.0,34902.72,638,9.5,"$1,180.97",CO_LIVING,credit_card,2024/04/25,United States,0,1
APP-10055,48,23723.36,5300.0,5302.25,668,5.4,$177.43,MORTGAGE,medical,2024/05/10,United States,0,1
APP-10056,28,133725.36,48700.0,48704.61,743,? ,"$1,586.89",CO_LIVING,home_improvement,2024/02/27,United States,0,1
APP-10057,34,63032.86,11200.0,11197.6,695,3.2,$371.33,OWN,debt_consolidation,2024/03/29,United States,0,1
APP-10058,41,32112.25,6700.0,6697.84,583,5.6,$231.19,CO_LIVING,credit_card,2024/04/06,United States,0,1
APP-10059,48,47407.63,19600.0,19610.93,640,6.0,$662.76,MORTGAGE,home_improvement,2024/01/17,United States,0,1
APP-10060,32,68527.89,25500.0,25498.77,634,3.2,$864.12,MORTGAGE,debt_consolidation,2024/06/21,United States,0,1
APP-10061,35,51308.07,7900.0,7903.68,674,0.9,$263.90,RENT,credit_card,2024/04/10,United States,0,1
APP-10062,25,67727.91,15200.0,15200.03,711,0.6,$501.05,MORTGAGE,home_improvement,2024/01/29,United States,1,0
APP-10063,24,28214.63,6000.0,5990.76,711,0.1,$197.78,,home_improvement,2024/04/11,United States,0,1
APP-10064,46,54264.01,12500.0,12489.78,546,12.4,$437.00,MORTGAGE,home_improvement,2024/05/02,United States,0,1
APP-10065,52,20989.37,4700.0,4697.11,759,1.6,$152.26,RENT,small_business,2024/02/23,United States,0,1
APP-10066,37,45856.14,7700.0,7705.28,698,1.4,$255.02,MORTGAGE,medical,2024/01/27,United States,0,1
APP-10067,49,28499.89,8200.0,8203.94,783,8.0,$263.34,RENT,debt_consolidation,2024/04/11,United States,0,1
APP-10068,41,31529.6,11700.0,11704.57,713,2.3,$385.40,RENT,medical,2024/04/26,United States,0,1
APP-10069,30,102914.71,34200.0,34195.06,762,4.2,"$1,106.75",OWN,medical,2024/04/13,United States,0,1
APP-10070,41,94351.84,33200.0,33208.08,714,1.1,"$1,093.23",CO_LIVING,medical,2024/02/14,United States,0,1
APP-10071,54,,12300.0,12295.18,780,19.3,$395.44,OWN,home_improvement,2024/04/23,United States,0,1
APP-10072,37,25453.6,11100.0,11101.06,719,11.4,$364.85,MORTGAGE,medical,2024/03/27,United States,0,1
APP-10073,55,40544.48,16300.0,16299.95,672,12.0,$544.90,OWN,small_business,2024/01/31,United States,0,1
APP-10074,18,101504.52,39700.0,39699.13,850,3.1,"$1,244.05",,credit_card,2024/06/12,United States,0,1
APP-10075,47,,21200.0,21206.69,746,8.6,$690.05,RENT,home_improvement,2024/02/06,United States,0,1
APP-10076,38,197125.87,84700.0,84696.47,723,0.9,"$2,779.99",CO_LIVING,debt_consolidation,2024/02/05,United States,0,1
APP-10077,34,62068.3,19400.0,19393.25,584,0.1,$669.19,RENT,credit_card,2024/04/28,United States,0,1
APP-10078,39,55007.76,11600.0,11600.1,583,missing,$400.27,CO_LIVING,credit_card,2024/01/05,United States,0,1
APP-10079,18,40722.26,13600.0,13598.0,701,5.3,$449.93,MORTGAGE,credit_card,2024/06/22,United States,0,1
APP-10080,35,53110.21,19800.0,19816.89,690,,$657.64,MORTGAGE,medical,2024/02/21,United States,0,1
APP-10081,41,44735.3,16600.0,16603.38,633,,$562.72,CO_LIVING,medical,2024/02/18,United States,0,1
APP-10082,54,74971.64,23000.0,22997.95,690,0.0,$763.93,MORTGAGE,home_improvement,2024/01/06,United States,0,1
APP-10083,32,87031.15,14800.0,14794.72,799,3.3,$472.53,MORTGAGE,medical,2024/05/02,United States,0,1
APP-10084,29,30589.32,8000.0,7990.6,732,7.6,$261.72,RENT,medical,2024/05/17,United States,1,0
APP-10085,32,22054.24,9400.0,9394.87,594,3.5,$323.10,MORTGAGE,medical,2024/04/27,United States,1,0
APP-10086,48,16289.51,5300.0,5300.57,671,7.9,$177.24,CO_LIVING,home_improvement,2024/01/23,United States,0,1
APP-10087,41,66489.2,20700.0,20707.14,619,1.6,$705.22,OWN,home_improvement,2024/05/24,United States,0,1
APP-10088,0,25285.34,5800.0,5805.61,650,10.1,$195.42,RENT,small_business,2024/04/19,United States,0,1
APP-10089,43,13470.61,3500.0,3501.15,648,5.3,$118.01,,small_business,2024/02/13,United States,0,1
APP-10090,39,61892.06,25900.0,25898.38,644,1.4,$874.55,RENT,small_business,2024/02/10,United States,0,1
APP-10091,48,,76600.0,76601.34,585,1.6,"$2,641.32",OWN,small_business,2024/05/22,United States,0,1
APP-10092,30,,18900.0,18897.41,670,5.9,$632.27,MORTGAGE,credit_card,2024/06/20,United States,0,1
APP-10093,34,81072.12,23200.0,23208.59,637,,$785.34,RENT,credit_card,2024/02/19,United States,0,1
APP-10094,33,51487.67,17500.0,17499.05,460,,$630.47,OWN,small_business,2024/02/21,United States,0,1
APP-10095,21,46196.82,10400.0,10399.57,833,1.8,$327.94,RENT,small_business,2024/03/10,United States,0,1
APP-10096,41,85088.39,30800.0,30788.92,761,12.1,$997.09,,debt_consolidation,2024/05/30,United States,0,1
APP-10097,40,41185.24,11500.0,11499.02,651,6.6,$387.34,MORTGAGE,credit_card,2024/06/20,United States,0,1
APP-10098,38,57551.49,16300.0,16304.18,681,3.6,$543.15,OWN,debt_consolidation,2024/04/18,United States,0,1
APP-10099,35,59457.6,20500.0,20494.66,592,,$705.13,MORTGAGE,debt_consolidation,2024/04/27,United States,0,1
APP-10100,22,32831.57,14100.0,14096.25,807,,$448.87,RENT,medical,2024/04/18,United States,0,1
APP-10101,33,88896.27,8500000.0,15003.96,822,5.9,$474.90,CO_LIVING,home_improvement,2024/04/04,United States,0,1
APP-10102,34,44135.7,5200000.0,17492.62,691,2.7,$581.04,OWN,credit_card,2024/02/13,United States,0,1
APP-10103,29,31149.48,7400.0,7405.29,756,32.6,$240.00,OWN,small_business,2024/06/28,United States,1,1
APP-10104,36,,19200.0,19197.34,693,3.9,$637.03,MORTGAGE,small_business,2024/03/07,United States,0,1
APP-10105,42,28593.06,4500.0,4498.06,579,4.0,$155.50,RENT,home_improvement,2024/06/04,United States,1,0
APP-10106,58,49856.73,12000.0,11994.38,649,5.0,$404.47,MORTGAGE,credit_card,2024/03/07,United States,0,1
APP-10107,39,48753.32,14700.0,14701.89,689,,$488.43,CO_LIVING,small_business,2024/01/18,United States,0,1
APP-10108,40,94045.82,15700.0,15712.3,645,9.7,$529.94,RENT,small_business,2024/06/03,United States,0,1
APP-10109,37,,19400.0,19403.91,663,3.6,$650.63,CO_LIVING,medical,2024/06/27,United States,0,1
APP-10110,18,48290.2,20700.0,20695.68,673,7.6,$691.75,RENT,debt_consolidation,2024/02/29,United States,0,1
APP-10111,37,80070.26,14500.0,14505.68,673,5.3,$484.56,MORTGAGE,small_business,2024/03/14,United States,0,1
APP-10112,38,112884.96,42800.0,42798.42,683,4.1,"$1,425.15",MORTGAGE,credit_card,2024/02/18,United States,0,1
APP-10113,65,68506.66,18700.0,18706.87,600,1.3,$641.39,CO_LIVING,home_improvement,2024/01/15,United States,0,1
APP-10114,35,49326.25,17100.0,17104.03,626,3.7,$581.12,RENT,medical,2024/03/13,United States,0,1
APP-10115,41,22312.41,5100.0,5085.28,583,1.7,$175.98,OWN,credit_card,2024/05/22,United States,1,0
APP-10116,37,,5100.0,5094.98,753,,$165.58,MORTGAGE,medical,2024/06/27,United States,0,1
APP-10117,25,40817.46,8100.0,8104.72,522,2.5,$285.57,RENT,debt_consolidation,2024/02/17,United States,1,0
APP-10118,50,34006.01,5800.0,5800.76,766,18.3,$187.42,RENT,small_business,2024/03/12,United States,0,1
APP-10119,46,43818.76,9000.0,8994.88,783,4.6,$289.03,MORTGAGE,credit_card,2024/04/22,United States,0,1
APP-10120,46,50715.66,17700.0,17696.83,657,6.0,$594.89,RENT,home_improvement,2024/05/08,United States,0,1
APP-10121,27,67360.61,27900.0,27890.47,484,4.7,$996.80,,debt_consolidation,2024/05/14,United States,1,0
APP-10122,53,46990.5,18500.0,18499.56,652,0.8,$622.89,MORTGAGE,debt_consolidation,2024/02/22,United States,0,1
APP-10123,22,65637.4,23300.0,23311.05,675,2.8,$778.07,CO_LIVING,medical,2024/06/07,United States,0,1
APP-10124,44,50954.31,9300.0,9304.02,604,0.6,$318.53,RENT,debt_consolidation,2024/01/18,United States,0,1
APP-10125,62,14983.73,3500.0,3510.95,641,5.9,$118.31,RENT,credit_card,2024/01/12,United States,0,1
APP-10126,27,27900.47,6800.0,6804.41,794,3.6,$217.51,,medical,2024/02/17,United States,1,0
APP-10127,31,44960.85,10100.0,10105.14,729,9.0,$330.78,RENT,debt_consolidation,2024/01/30,United States,0,1
APP-10128,39,23722.59,7200.0,7209.87,610,1.5,$246.08,CO_LIVING,home_improvement,2024/04/06,United States,0,1
APP-10129,32,70259.95,21800.0,21801.89,560,,$758.38,RENT,credit_card,2024/01/07,United States,0,1
APP-10130,20,,31600.0,31599.06,655,3.1,"$1,062.83",MORTGAGE,home_improvement,2024/04/01,United States,0,1
APP-10131,38,101850.07,26100.0,26105.16,663,15.7,$875.33,MORTGAGE,home_improvement,2024/04/22,United States,0,1
APP-10132,26,43128.28,17200.0,17207.27,717,7.4,$565.76,RENT,medical,2024/01/03,United States,0,1
APP-10133,43,119902.68,46400.0,46397.6,639,,"$1,569.55",RENT,small_business,2024/04/16,United States,0,1
APP-10134,27,53594.43,13000.0,12996.39,718,4.4,$427.45,OWN,medical,2024/03/03,United States,0,1
APP-10135,55,40044.57,17000.0,17000.69,825,0.5,$537.63,CO_LIVING,credit_card,2024/05/13,United States,0,1
APP-10136,29,33926.73,14800.0,14804.16,741,25.0,$482.61,MORTGAGE,credit_card,2024/04/11,United States,0,1
APP-10137,34,40884.99,10100.0,10103.99,676,6.6,$337.16,RENT,medical,2024/01/15,United States,0,1
APP-10138,46,38835.65,10000.0,9992.88,666,2.0,$335.02,MORTGAGE,small_business,2024/06/19,United States,0,1
APP-10139,24,54298.38,16400.0,16409.56,653,5.3,$551.99,OWN,medical,2024/03/31,United States,0,1
APP-10140,40,53978.68,23300.0,23296.79,768,0.7,$752.37,CO_LIVING,credit_card,2024/03/21,United States,0,1
APP-10141,52,,20300.0,20298.67,632,20.3,$688.40,RENT,small_business,2024/05/25,United States,0,1
APP-10142,20,63714.21,11500.0,11495.49,683,1.2,$382.93,OWN,credit_card,2024/05/29,United States,0,1
APP-10143,40,100146.34,26800.0,26813.49,683,6.3,$892.39,MORTGAGE,small_business,2024/03/01,United States,0,1
APP-10144,40,86658.68,27400.0,27401.21,642,,$925.86,RENT,small_business,2024/04/29,United States,0,1
APP-10145,46,20111.78,6100.0,6095.75,577,7.6,$210.94,OWN,medical,2024/03/01,United States,0,1
APP-10146,24,10589.81,2200.0,2204.32,-999,,$72.70,RENT,medical,2024/02/22,United States,0,1
APP-10147,23,,35000.0,35003.85,675,,"$1,168.78",CO_LIVING,medical,2024/01/26,United States,0,1
APP-10148,43,21587.57,7600.0,7599.06,717,5.7,$249.99,,small_business,2024/04/24,United States,1,0
APP-10149,41,42836.28,17200.0,17204.2,639,13.4,$581.82,MORTGAGE,small_business,2024/02/09,United States,0,1
APP-10150,40,24292.72,9900.0,9895.87,771,,$319.33,RENT,credit_card,2024/03/28,United States,1,1
APP-10151,41,16627.48,6200.0,6197.54,614,2.4,$211.60,OWN,home_improvement,2024/04/25,United States,0,1
APP-10152,30,,19100.0,19089.95,808,1.7,$607.82,MORTGAGE,medical,2024/05/15,United States,0,1
APP-10153,40,77303.39,25800.0,25793.38,548,26.5,$901.33,RENT,credit_card,2024/01/21,United States,1,0
APP-10154,41,34686.08,6900.0,6909.04,712,3.0,$227.37,OWN,credit_card,2024/02/12,United States,0,1
APP-10155,30,,3600.0,3608.21,715,7.9,$118.50,CO_LIVING,debt_consolidation,2024/01/21,United States,0,1
APP-10156,58,35321.72,7200.0,7200.33,620,6.9,$245.21,MORTGAGE,medical,2024/05/10,United States,0,1
APP-10157,43,62011.95,22200.0,22208.31,711,1.4,$731.80,MORTGAGE,credit_card,2024/01/31,United States,0,1
APP-10158,24,20184.15,4400.0,4399.2,775,1.6,$141.72,CO_LIVING,debt_consolidation,2024/06/03,United States,1,0
APP-10159,45,54721.72,10100.0,10098.78,513,2.0,$357.21,RENT,medical,2024/01/27,United States,1,0
APP-10160,27,48572.56,9700.0,9700.28,717,3.2,$319.06,MORTGAGE,small_business,2024/03/13,United States,0,1
APP-10161,46,69395.33,10500.0,10499.38,493,1.6,$373.96,RENT,debt_consolidation,2024/04/06,United States,1,0
APP-10162,50,52667.2,19300.0,19298.92,607,0.1,$660.33,,small_business,2024/06/09,United States,0,1
APP-10163,28,27341.44,10100.0,10105.72,802,12.7,$322.12,RENT,home_improvement,2024/03/30,United States,0,1
APP-10164,48,100503.0,30600.0,30600.75,636,20.2,"$1,036.20",MORTGAGE,home_improvement,2024/02/13,United States,0,1
APP-10165,42,44572.94,8800.0,8803.56,591,2.5,$302.80,MORTGAGE,home_improvement,2024/02/12,United States,0,1
APP-10166,47,48224.25,8400.0,8405.16,665,2.5,$281.51,MORTGAGE,home_improvement,2024/01/31,United States,0,1
APP-10167,58,28002.22,4400.0,4401.94,835,0.0,$138.64,RENT,credit_card,2024/04/26,United States,0,1
APP-10168,35,,7500.0,7495.15,542,6.8,$262.57,CO_LIVING,home_improvement,2024/03/16,United States,1,0
APP-10169,29,28828.46,12000.0,11993.24,601,10.5,$411.44,MORTGAGE,credit_card,2024/05/24,United States,0,1
APP-10170,28,44189.05,9800.0,9800.74,792,1.0,$313.69,CO_LIVING,credit_card,2024/05/22,United States,0,1
APP-10171,29,,35100.0,35099.14,819,1.0,"$1,112.50",RENT,medical,2024/02/03,United States,0,1
APP-10172,37,21522.61,3900.0,3900.44,672,9.4,$130.38,MORTGAGE,credit_card,2024/03/20,United States,1,0
APP-10173,41,18617.61,4000.0,3999.92,587,,$137.83,MORTGAGE,credit_card,2024/01/04,United States,0,1
APP-10174,41,118504.02,36200.0,36212.92,837,0.3,"$1,139.81",CO_LIVING,home_improvement,2024/03/12,United States,0,1
APP-10175,47,43235.01,14400.0,14393.35,799,5.8,$459.76,MORTGAGE,credit_card,2024/04/07,United States,0,1
APP-10176,38,32812.22,7300.0,7290.05,730,2.2,$238.99,OWN,small_business,2024/04/19,United States,0,1
APP-10177,53,91486.14,15300.0,15301.66,619,2.8,$521.25,OWN,home_improvement,2024/01/28,United States,0,1
APP-10178,35,34085.61,9100.0,9098.12,676,8.8,$303.77,RENT,debt_consolidation,2024/05/09,United States,0,1
APP-10179,67,,32300.0,32301.58,667,10.0,"$1,081.71",OWN,home_improvement,2024/01/17,United States,0,1
APP-10180,44,73626.15,15900.0,15902.92,704,3.1,$525.45,MORTGAGE,credit_card,2024/02/27,United States,0,1
APP-10181,28,36579.86,16000.0,16006.42,788,17.6,$512.90,RENT,small_business,2024/05/06,United States,0,1
APP-10182,26,178864.7,59900.0,59892.46,745,3.1,"$1,950.43",MORTGAGE,home_improvement,2024/01/09,United States,0,1
APP-10183,43,34083.58,10800.0,10797.22,599,8.9,$370.56,MORTGAGE,small_business,2024/01/31,United States,0,1
APP-10184,35,76516.16,21000.0,21002.14,783,4.0,$674.41,CO_LIVING,debt_consolidation,2024/03/28,United States,0,1
APP-10185,45,58663.65,16300.0,16303.85,703,13.7,$538.87,RENT,debt_consolidation,2024/03/02,United States,0,1
APP-10186,43,107049.3,33400.0,33410.97,731,14.3,"$1,093.08",MORTGAGE,medical,2024/01/19,United States,0,1
APP-10187,37,125104.76,44900.0,44904.78,789,0.5,"$1,438.80",OWN,medical,2024/03/21,United States,0,1
APP-10188,28,49971.22,18000.0,17999.72,596,16.5,$618.26,RENT,home_improvement,2024/04/16,United States,0,1
APP-10189,21,31193.01,6300.0,6295.55,-999,10.5,$210.23,RENT,medical,2024/02/24,United States,0,1
APP-10190,33,,19400.0,19397.18,640,9.4,$656.00,OWN,small_business,2024/06/04,United States,0,1
APP-10191,47,32642.51,8900.0,8897.04,562,1.3,$309.39,,medical,2024/04/21,United States,0,1
APP-10192,40,,67500.0,67503.28,706,9.8,"$2,229.09",CO_LIVING,small_business,2024/05/02,United States,0,1
APP-10193,24,,18100.0,18101.28,850,11.4,$567.19,MORTGAGE,medical,2024/06/26,United States,0,1
APP-10194,39,39371.88,12200.0,12193.38,541,2.0,$427.26,RENT,medical,2024/03/05,United States,0,1
APP-10195,42,54765.09,10100.0,10097.82,677,18.3,$337.03,OWN,medical,2024/05/03,United States,0,1
APP-10196,28,21844.93,7200.0,7204.39,728,0.3,$235.89,CO_LIVING,credit_card,2024/01/03,United States,0,1
APP-10197,39,,5100.0,5101.76,689,1.0,$169.45,MORTGAGE,credit_card,2024/06/28,United States,0,1
APP-10198,38,100734.98,25300.0,25302.84,671,4.6,$846.07,CO_LIVING,medical,2024/05/17,United States,0,1
APP-10199,25,33052.86,6400.0,6401.91,582,5.1,$220.92,,small_business,2024/01/21,United States,0,1
APP-10200,41,26156.51,9400.0,9408.13,697,6.2,$311.43,RENT,home_improvement,2024/02/06,United States,0,1
APP-10201,44,67642.49,14300.0,14301.18,623,0.1,$486.49,RENT,debt_consolidation,2024/01/15,United States,0,1
APP-10202,49,99849.82,26700.0,26698.07,515,19.4,$943.64,MORTGAGE,credit_card,2024/03/27,United States,1,0
APP-10203,49,75461.06,31600.0,31595.42,769,0.3,"$1,020.01",MORTGAGE,medical,2024/04/29,United States,0,1
APP-10204,22,89110.16,18800.0,18801.25,751,0.9,$610.82,RENT,debt_consolidation,2024/05/16,United States,0,1
APP-10205,27,31129.87,9400.0,9387.8,683,,$313.00,MORTGAGE,credit_card,2024/02/13,United States,0,1
APP-10206,43,,5800.0,5799.08,697,5.0,$192.16,,home_improvement,2024/02/08,United States,0,1
APP-10207,43,120668.23,18800.0,18798.97,760,16.2,$608.83,RENT,small_business,2024/05/12,United States,0,1
APP-10208,43,40392.2,15700.0,15693.18,696,6.6,$520.34,OWN,medical,2024/01/25,United States,0,1
APP-10209,75,,7200.0,7195.36,747,10.4,$234.27,CO_LIVING,home_improvement,2024/02/25,United States,0,1
APP-10210,44,108761.91,31800.0,31804.05,657,0.1,"$1,068.79",CO_LIVING,credit_card,2024/04/30,United States,0,1
APP-10211,50,68441.73,21800.0,21801.15,778,4.7,$701.38,,medical,2024/03/30,United States,0,1
APP-10212,48,64442.76,21800.0,21800.51,704,3.7,$720.43,,debt_consolidation,2024/03/04,United States,0,1
APP-10213,45,179692.33,64100.0,64101.53,694,4.1,"$2,125.98",RENT,small_business,2024/06/28,United States,0,1
APP-10214,34,33319.2,7500.0,7500.46,584,0.4,$258.71,MORTGAGE,credit_card,2024/03/29,United States,0,1
APP-10215,46,85536.98,13100.0,13106.21,701,6.9,$433.39,OWN,small_business,2024/04/21,United States,0,1
APP-10216,29,,18600.0,18600.62,617,4.2,$634.12,RENT,medical,2024/03/16,United States,0,1
APP-10217,35,57592.95,17900.0,17892.71,632,,$607.01,MORTGAGE,home_improvement,2024/05/16,United States,0,1
APP-10218,32,122648.9,49200.0,49208.15,618,4.0,"$1,676.76",MORTGAGE,small_business,2024/05/17,United States,0,1
APP-10219,38,66482.99,26400.0,26401.85,600,1.0,$905.50,MORTGAGE,debt_consolidation,2024/01/10,United States,0,1
APP-10220,63,67709.22,27300.0,27297.05,839,6.3,$858.95,CO_LIVING,credit_card,2024/03/02,United States,0,1
APP-10221,18,93293.38,27600.0,27593.73,779,1.1,$887.66,RENT,debt_consolidation,2024/03/30,United States,0,1
APP-10222,45,39380.59,9800.0,9801.98,824,12.4,$310.04,OWN,small_business,2024/02/29,United States,0,1
APP-10223,20,29627.97,11500.0,11499.41,588,5.7,$396.12,RENT,home_improvement,2024/05/26,United States,0,1
APP-10224,32,26189.52,7500.0,7507.87,685,1.0,$249.56,MORTGAGE,home_improvement,2024/04/16,United States,0,1
APP-10225,49,15065.85,3100.0,3098.27,582,19.7,$107.01,RENT,debt_consolidation,2024/02/07,United States,0,1
APP-10226,38,168337.18,68400.0,68395.81,627,4.4,"$2,323.66",RENT,medical,2024/05/13,United States,0,1
APP-10227,26,25287.74,10500.0,10504.48,611,0.5,$358.74,RENT,medical,2024/05/22,United States,0,1
APP-10228,30,42926.64,12400.0,12404.63,772,5.9,$399.82,RENT,home_improvement,2024/02/16,United States,1,0
APP-10229,45,41519.23,7200.0,7200.84,650,,$242.60,MORTGAGE,debt_consolidation,2024/06/21,United States,0,1
APP-10230,29,58949.95,15700.0,15703.38,760,9.8,$508.44,,debt_consolidation,2024/05/12,United States,0,1
APP-10231,40,79972.84,31300.0,31299.81,725,,"$1,026.58",RENT,debt_consolidation,2024/03/18,United States,0,1
APP-10232,38,82148.52,34500.0,34501.17,850,23.2,"$1,081.10",RENT,small_business,2024/02/22,United States,0,1
APP-10233,30,34549.68,7300.0,7305.82,569,4.2,$253.15,CO_LIVING,medical,2024/03/02,United States,0,1
APP-10234,61,44343.75,7500.0,7503.13,774,3.6,$241.65,RENT,medical,2024/01/23,United States,1,1
APP-10235,44,58078.33,24000.0,23999.15,765,8.4,$775.82,MORTGAGE,small_business,2024/02/13,United States,0,1
APP-10236,18,42225.74,11300.0,11306.76,606,,$386.76,OWN,credit_card,2024/02/21,United States,0,1
APP-10237,40,128592.96,40200.0,40188.18,755,4.8,"$1,304.23",MORTGAGE,small_business,2024/02/15,United States,0,1
APP-10238,30,65813.81,29000.0,29010.26,705,4.7,$958.03,MORTGAGE,debt_consolidation,2024/05/26,United States,0,1
APP-10239,47,76185.52,12900.0,12891.47,662,,$432.79,MORTGAGE,small_business,2024/03/24,United States,0,1
APP-10240,29,72964.53,25100.0,25096.86,618,3.2,$855.42,,debt_consolidation,2024/02/16,United States,0,1
APP-10241,36,99119.78,17100.0,17099.8,626,,$581.12,,home_improvement,2024/03/31,United States,0,1
APP-10242,43,54645.0,14400.0,14399.27,833,11.6,$454.07,,debt_consolidation,2024/02/21,United States,0,1
APP-10243,47,22514.18,8800.0,8805.03,680,,$293.34,RENT,medical,2024/01/24,United States,1,0
APP-10244,24,62305.99,17400.0,17394.71,738,0.6,$568.01,CO_LIVING,small_business,2024/05/24,United States,1,0
APP-10245,34,33162.86,14900.0,14901.3,620,1.8,$507.44,MORTGAGE,debt_consolidation,2024/03/29,United States,0,1
APP-10246,32,35697.29,11300.0,11297.11,621,12.5,$384.70,MORTGAGE,credit_card,2024/06/22,United States,0,1
APP-10247,30,69690.44,17200.0,17201.48,761,0.8,$556.81,CO_LIVING,home_improvement,2024/03/04,United States,1,0
APP-10248,57,103050.03,22300.0,22299.68,578,7.6,$770.85,MORTGAGE,credit_card,2024/04/28,United States,0,1
APP-10249,42,49650.46,12700.0,12700.46,648,0.6,$428.22,OWN,credit_card,2024/06/04,United States,0,1
APP-10250,24,59000.42,15400.0,15397.25,682,,$512.97,RENT,credit_card,2024/06/26,United States,0,1
APP-10251,48,136125.01,23200.0,23197.45,688,2.6,$771.13,,home_improvement,2024/03/04,United States,0,1
APP-10252,61,56638.93,14800.0,14801.44,666,9.3,$495.82,RENT,home_improvement,2024/06/04,United States,0,1
APP-10253,49,233516.93,67500.0,67504.72,709,1.6,"$2,226.68",OWN,home_improvement,2024/03/26,United States,0,1
APP-10254,21,68823.86,25200.0,25197.01,731,6.1,$824.72,RENT,home_improvement,2024/02/25,United States,0,1
APP-10255,32,17043.81,5900.0,5895.66,735,1.6,$192.81,OWN,credit_card,2024/02/28,United States,0,1
APP-10256,51,77034.22,27900.0,27903.07,606,7.5,$954.91,MORTGAGE,medical,2024/05/12,United States,0,1
APP-10257,30,61617.12,9400.0,9399.84,658,12.4,$315.82,MORTGAGE,medical,2024/06/20,United States,0,1
APP-10258,42,106282.05,22900.0,22904.15,769,,$739.19,MORTGAGE,home_improvement,2024/06/18,United States,0,1
APP-10259,46,73416.85,25600.0,25595.47,747,,$832.97,CO_LIVING,small_business,2024/05/04,United States,0,1
APP-10260,27,45113.03,13300.0,13291.1,577,5.4,$459.91,MORTGAGE,debt_consolidation,2024/02/16,United States,0,1
APP-10261,37,23515.64,3600.0,3597.33,706,0.8,$118.88,MORTGAGE,small_business,2024/04/30,United States,1,0
APP-10262,18,43242.8,16900.0,16896.17,-999,3.3,$593.95,RENT,small_business,2024/06/01,United States,0,1
APP-10263,26,29427.58,11200.0,11199.61,683,1.1,$372.94,OWN,small_business,2024/04/11,United States,0,1
APP-10264,35,34602.66,10900.0,10896.82,822,7.2,$345.10,RENT,medical,2024/02/13,United States,0,1
APP-10265,24,69783.09,11900.0,11903.71,608,8.5,$407.00,CO_LIVING,debt_consolidation,2024/01/15,United States,0,1
APP-10266,55,,50700.0,50698.56,617,,"$1,728.50",CO_LIVING,small_business,2024/04/14,United States,0,1
APP-10267,22,62118.74,20200.0,20200.75,737,4.2,$659.65,MORTGAGE,home_improvement,2024/02/20,United States,0,1
APP-10268,33,23920.0,9200.0,9200.79,564,10.1,$319.60,RENT,medical,2024/02/22,United States,0,1
APP-10269,39,64007.89,24000.0,24000.97,632,16.5,$813.87,MORTGAGE,home_improvement,2024/02/03,United States,0,1
APP-10270,53,100506.62,39300.0,39299.88,724,4.3,"$1,289.43",CO_LIVING,home_improvement,2024/05/03,United States,0,1
APP-10271,22,34000.49,10400.0,10402.55,632,18.0,$352.68,MORTGAGE,small_business,2024/03/17,United States,0,1
APP-10272,50,45233.34,8700.0,8696.02,662,4.6,$291.88,,home_improvement,2024/05/15,United States,0,1
APP-10273,38,49454.73,17400.0,17407.0,735,3.0,$568.62,MORTGAGE,debt_consolidation,2024/05/02,United States,0,1
APP-10274,27,30609.36,10300.0,10298.82,711,11.3,$339.53,RENT,home_improvement,2024/03/10,United States,0,1
APP-10275,43,72328.12,27000.0,26993.44,700,,$893.57,CO_LIVING,small_business,2024/01/21,United States,0,1
APP-10276,40,45589.43,9200.0,9200.94,654,3.8,$309.54,RENT,home_improvement,2024/04/17,United States,0,1
APP-10277,31,63052.28,13100.0,13095.74,707,4.0,$432.45,CO_LIVING,medical,2024/04/17,United States,0,1
APP-10278,38,28781.98,12000.0,12003.33,670,11.3,$401.44,MORTGAGE,medical,2024/05/14,United States,0,1
APP-10279,33,37704.13,14100.0,14111.05,714,10.7,$464.29,OWN,medical,2024/03/30,United States,0,1
APP-10280,39,75616.43,31900.0,31896.07,642,3.1,"$1,077.91",RENT,credit_card,2024/03/19,United States,1,1
APP-10281,45,39194.83,14800.0,14801.66,-999,2.4,$495.82,RENT,medical,2024/06/25,United States,0,1
APP-10282,55,138161.46,45500.0,45491.22,605,,"$1,557.85",MORTGAGE,medical,2024/02/11,United States,0,1
APP-10283,24,38569.55,13400.0,13402.27,677,5.1,$447.15,RENT,credit_card,2024/05/30,United States,0,1
APP-10284,61,56095.5,23400.0,23395.57,619,1.6,$797.20,MORTGAGE,medical,2024/02/21,United States,0,1
APP-10285,18,85781.14,27800.0,27796.88,596,9.5,$954.87,RENT,small_business,2024/04/11,United States,0,1
APP-10286,36,20930.87,7100.0,7094.49,699,,$235.06,CO_LIVING,medical,2024/04/14,United States,1,0
APP-10287,44,,3400.0,3403.66,695,2.4,$112.73,RENT,medical,2024/03/19,United States,0,1
APP-10288,41,19625.92,5700.0,5705.04,738,0.7,$186.07,OWN,credit_card,2024/04/21,United States,1,0
APP-10289,31,104563.57,38200.0,38200.12,647,,"$1,288.49",,small_business,2024/04/13,United States,0,1
APP-10290,35,35202.95,8100.0,8095.68,710,17.9,$267.11,RENT,home_improvement,2024/01/16,United States,0,1
APP-10291,32,,47900.0,47907.95,721,,"$1,573.29",MORTGAGE,debt_consolidation,2024/04/05,United States,0,1
APP-10292,31,34942.23,8500.0,8496.25,713,1.1,$279.99,MORTGAGE,small_business,2024/02/06,United States,0,1
APP-10293,47,54760.85,12200.0,12189.19,618,,$415.78,,home_improvement,2024/05/25,United States,0,1
APP-10294,41,123656.89,26500.0,26502.29,691,2.2,$879.86,CO_LIVING,small_business,2024/05/27,United States,0,1
APP-10295,30,163350.87,45300.0,45294.48,707,0.2,"$1,495.43",MORTGAGE,home_improvement,2024/02/15,United States,0,1
APP-10296,47,168872.99,71300.0,71304.94,680,2.3,"$2,376.70",CO_LIVING,home_improvement,2024/01/02,United States,0,1
APP-10297,41,,30600.0,30598.09,523,4.7,"$1,078.45",CO_LIVING,small_business,2024/04/28,United States,1,0
APP-10298,46,90620.66,18700.0,18703.02,692,4.8,$620.66,CO_LIVING,credit_card,2024/03/27,United States,0,1
APP-10299,44,,12100.0,12107.01,845,2.6,$379.87,MORTGAGE,small_business,2024/04/03,United States,0,1
APP-10300,28,78199.35,28100.0,28093.96,652,3.6,$946.12,OWN,small_business,2024/01/03,United States,0,1
APP-10301,31,35217.15,9300.0,9297.17,625,20.2,$316.16,RENT,home_improvement,2024/06/22,United States,0,1
APP-10302,46,,11900.0,11899.62,708,2.8,$392.70,RENT,debt_consolidation,2024/04/20,United States,0,1
APP-10303,44,,17000.0,17007.69,703,,$562.01,MORTGAGE,home_improvement,2024/06/25,United States,0,1
APP-10304,37,44262.33,17200.0,17196.71,769,1.7,$555.20,RENT,medical,2024/01/01,United States,0,1
APP-10305,39,,8600.0,8597.03,585,3.7,$296.54,,small_business,2024/04/14,United States,0,1
APP-10306,52,74446.24,26600.0,26602.39,734,8.6,$869.59,CO_LIVING,small_business,2024/01/22,United States,0,1
APP-10307,31,86958.23,19900.0,19897.11,724,,$652.91,RENT,credit_card,2024/05/21,United States,0,1
APP-10308,44,51691.27,22300.0,22300.76,669,7.4,$746.28,MORTGAGE,home_improvement,2024/06/21,United States,0,1
APP-10309,35,118957.08,40600.0,40592.24,705,0.1,"$1,341.24",CO_LIVING,credit_card,2024/05/13,United States,1,0
APP-10310,35,24710.57,6100.0,6111.07,757,3.3,$197.76,CO_LIVING,small_business,2024/03/05,United States,0,1
APP-10311,50,43643.27,10100.0,10093.26,745,9.0,$328.87,,home_improvement,2024/01/21,United States,0,1
APP-10312,47,31885.5,6600.0,6598.39,594,2.5,$226.86,RENT,home_improvement,2024/01/04,United States,0,1
APP-10313,46,,5700.0,5699.84,741,5.0,$185.87,OWN,medical,2024/05/10,United States,0,1
APP-10314,52,46648.29,10100.0,10109.56,675,1.4,$337.28,RENT,medical,2024/04/22,United States,0,1
APP-10315,38,45567.57,15000.0,14993.38,685,,$499.11,MORTGAGE,debt_consolidation,2024/01/30,United States,0,1
APP-10316,45,121548.65,27900.0,27909.92,685,0.3,$928.35,,medical,2024/01/31,United States,0,1
APP-10317,34,,25000.0,25003.79,668,11.5,$836.94,,home_improvement,2024/06/10,United States,0,1
APP-10318,41,26515.58,10500.0,10502.09,769,1.3,$338.93,RENT,medical,2024/01/20,United States,0,1
APP-10319,36,149112.38,57200.0,57195.08,673,12.4,"$1,911.49",CO_LIVING,debt_consolidation,2024/02/23,United States,0,1
APP-10320,39,101989.0,38600.0,38602.86,596,2.6,"$1,325.83",RENT,small_business,2024/05/05,United States,0,1
APP-10321,44,69512.27,14300.0,14296.38,650,7.7,$481.82,OWN,medical,2024/06/01,United States,0,1
APP-10322,28,42792.13,7600.0,7606.33,693,2.3,$252.16,RENT,home_improvement,2024/01/15,United States,0,1
APP-10323,61,27565.95,9900.0,9895.14,772,14.2,$319.21,MORTGAGE,small_business,2024/06/14,United States,0,1
APP-10324,26,,10200.0,10199.43,725,0.8,$334.54,,home_improvement,2024/05/30,United States,0,1
APP-10325,24,,26400.0,26397.22,616,1.2,$900.37,MORTGAGE,small_business,2024/06/28,United States,0,1
APP-10326,50,,24200.0,24195.06,850,4.1,$758.34,MORTGAGE,home_improvement,2024/02/26,United States,0,1
APP-10327,46,123741.02,28200.0,28203.71,699,0.5,$933.62,CO_LIVING,medical,2024/03/19,United States,0,1
APP-10328,44,36559.28,5900.0,5902.68,775,1.3,$190.03,MORTGAGE,medical,2024/06/28,United States,0,1
APP-10329,44,25039.99,10400.0,10406.05,668,,$348.17,RENT,debt_consolidation,2024/06/11,United States,0,1
APP-10330,37,53344.8,11900.0,11891.1,720,,$391.00,MORTGAGE,small_business,2024/01/14,United States,0,1
APP-10331,28,,5400.0,5405.32,742,2.8,$176.02,OWN,debt_consolidation,2024/03/31,United States,0,1
APP-10332,38,,9600.0,9612.53,771,15.4,$309.65,CO_LIVING,credit_card,2024/01/14,United States,0,1
APP-10333,30,44866.13,15700.0,15697.74,759,4.7,$508.62,CO_LIVING,medical,2024/04/08,United States,0,1
APP-10334,48,,9200.0,9209.48,745,1.9,$299.57,RENT,small_business,2024/02/02,United States,1,0
APP-10335,36,18829.46,7900.0,7898.68,656,7.3,$265.61,OTHER,debt_consolidation,2024/06/28,United States,1,0
APP-10336,28,,27800.0,27793.14,637,6.5,$941.05,RENT,debt_consolidation,2024/01/01,United States,0,1
APP-10337,34,35609.92,8800.0,8798.47,704,27.1,$290.82,,credit_card,2024/02/03,United States,0,1
APP-10338,42,24295.58,10200.0,10205.24,749,1.8,$331.65,OWN,debt_consolidation,2024/01/19,United States,0,1
APP-10339,31,,3900.0,3895.81,663,6.7,$130.80,MORTGAGE,home_improvement,2024/05/31,United States,1,0
APP-10340,28,,19200.0,19197.0,759,0.3,$622.01,RENT,medical,2024/01/04,United States,0,1
APP-10341,40,141967.15,57300.0,57302.97,788,0.7,"$1,836.83",OWN,debt_consolidation,2024/06/12,United States,0,1
APP-10342,40,132820.72,29800.0,29800.02,611,0.0,"$1,018.13",CO_LIVING,debt_consolidation,2024/03/17,United States,0,1
APP-10343,32,,12000.0,12002.92,617,45.2,$409.11,MORTGAGE,credit_card,2024/02/27,United States,0,1
APP-10344,32,34155.29,5800.0,5801.19,669,9.7,$194.10,CO_LIVING,home_improvement,2024/06/08,United States,0,1
APP-10345,40,64942.96,11600.0,11602.4,703,9.3,$383.49,RENT,debt_consolidation,2024/05/16,United States,0,1
APP-10346,22,26929.26,12100.0,12097.84,640,4.3,$409.16,RENT,medical,2024/04/12,United States,0,1
APP-10347,22,58751.69,14600.0,14601.16,781,2.1,$469.22,MORTGAGE,medical,2024/03/07,United States,0,1
APP-10348,30,,29100.0,29095.36,711,,$959.26,RENT,debt_consolidation,2024/04/25,United States,0,1
APP-10349,35,102350.65,40100.0,40106.44,682,2.0,"$1,335.73",,home_improvement,2024/05/27,United States,0,1
APP-10350,41,46161.78,18800.0,18796.83,572,2.8,$651.25,CO_LIVING,medical,2024/04/29,United States,0,1
APP-10351,54,,19500.0,19505.64,581,8.5,$673.35,MORTGAGE,medical,2024/01/22,United States,0,1
APP-10352,47,,6400.0,6398.83,701,4.7,$211.73,,home_improvement,2024/04/21,United States,0,1
APP-10353,36,29847.96,4800.0,4801.01,520,0.5,$169.35,OWN,home_improvement,2024/03/15,United States,0,1
APP-10354,37,42792.27,11700.0,11697.53,755,0.1,$379.59,RENT,debt_consolidation,2024/06/24,United States,0,1
APP-10355,26,61109.3,11600.0,11594.92,668,0.6,$388.34,RENT,small_business,2024/05/15,United States,0,1
APP-10356,37,,13300.0,13291.28,850,,$416.77,RENT,credit_card,2024/05/22,United States,0,1
APP-10357,34,30275.46,7800.0,7794.72,850,16.2,$244.42,RENT,small_business,2024/02/01,United States,0,1
APP-10358,41,120043.94,46200.0,46198.38,666,6.1,"$1,547.77",CO_LIVING,small_business,2024/03/07,United States,0,1
APP-10359,28,41661.21,13300.0,13301.06,672,9.7,$444.61,OWN,medical,2024/01/04,United States,0,1
APP-10360,43,48396.35,11800.0,11805.05,754,3.8,$382.97,MORTGAGE,home_improvement,2024/01/30,United States,0,1
APP-10361,54,31309.38,10800.0,10797.77,807,2.7,$343.81,CO_LIVING,medical,2024/01/13,United States,0,1
APP-10362,36,11446.69,2500.0,2495.59,557,,$87.06,MORTGAGE,credit_card,2024/01/21,United States,1,0
APP-10363,42,,12900.0,12892.79,546,12.5,$450.98,OWN,debt_consolidation,2024/02/10,United States,1,0
APP-10364,45,76275.44,28900.0,28902.4,633,,$979.68,,credit_card,2024/04/30,United States,0,1
APP-10365,33,41406.93,14000.0,14006.92,723,1.1,$459.50,CO_LIVING,medical,2024/01/19,United States,0,1
APP-10366,40,51031.3,19300.0,19306.33,717,4.3,$634.83,OWN,medical,2024/02/17,United States,0,1
APP-10367,38,66807.03,10800.0,10803.55,760,4.0,$349.75,,medical,2024/03/26,United States,0,1
APP-10368,39,19196.29,7700.0,7703.19,590,5.9,$265.04,MORTGAGE,medical,2024/03/03,United States,0,1
APP-10369,29,,12000.0,12008.49,506,17.5,$425.45,MORTGAGE,small_business,2024/05/27,United States,0,1
APP-10370,38,78949.11,25200.0,25201.66,744,5.2,$820.85,RENT,debt_consolidation,2024/02/06,United States,0,1
APP-10371,43,23096.27,7800.0,7803.23,617,4.7,$265.92,CO_LIVING,small_business,2024/01/31,United States,0,1
APP-10372,53,,23900.0,23898.4,528,0.3,$840.84,OWN,medical,2024/03/14,United States,1,0
APP-10373,48,21721.35,7100.0,7093.19,690,0.4,$235.82,OWN,home_improvement,2024/05/25,United States,0,1
APP-10374,61,64851.67,21000.0,20996.58,739,1.2,$685.28,RENT,small_business,2024/04/16,United States,0,1
APP-10375,29,47983.63,21500.0,21499.95,670,0.2,$719.25,MORTGAGE,medical,2024/04/12,United States,0,1
APP-10376,47,18600.08,7000.0,7000.3,645,8.2,$236.28,OTHER,medical,2024/04/19,United States,0,1
APP-10377,40,98601.68,27900.0,27909.63,668,,$934.03,MORTGAGE,debt_consolidation,2024/01/20,United States,0,1
APP-10378,62,31547.36,11400.0,11400.41,652,0.9,$383.84,RENT,credit_card,2024/05/18,United States,0,1
APP-10379,29,30147.24,8000.0,8005.89,578,10.9,$276.54,MORTGAGE,small_business,2024/03/26,United States,0,1
APP-10380,28,55289.68,12100.0,12097.82,626,1.0,$411.20,MORTGAGE,small_business,2024/02/13,United States,0,1
APP-10381,31,97653.66,32100.0,32098.44,719,2.2,"$1,055.10",OWN,small_business,2024/03/22,United States,0,1
APP-10382,18,26649.0,11400.0,11393.35,704,,$376.74,CO_LIVING,medical,2024/03/04,United States,0,1
APP-10383,32,,21800.0,21796.29,692,2.8,$723.55,MORTGAGE,debt_consolidation,2024/05/01,United States,0,1
APP-10384,29,63404.49,16000.0,16002.63,605,1.8,$547.81,OWN,medical,2024/06/10,United States,0,1
APP-10385,39,74299.79,22900.0,22900.04,666,,$767.19,RENT,medical,2024/03/27,United States,0,1
APP-10386,41,54495.04,11600.0,11604.71,516,3.1,$409.83,OWN,home_improvement,2024/03/05,United States,1,0
APP-10387,58,39331.59,17600.0,17600.91,693,25.9,$583.94,,debt_consolidation,2024/02/24,United States,0,1
APP-10388,48,,13300.0,13298.24,787,0.3,$426.50,RENT,small_business,2024/03/14,United States,0,1
APP-10389,31,51621.13,17800.0,17810.74,569,0.9,$617.26,,credit_card,2024/04/26,United States,1,0
APP-10390,28,25763.57,10100.0,10099.53,636,0.3,$342.01,MORTGAGE,small_business,2024/05/08,United States,0,1
APP-10391,43,8494.63,3100.0,3105.82,704,5.9,$102.45,MORTGAGE,medical,2024/06/14,United States,0,1
APP-10392,23,63699.75,20900.0,20897.99,773,0.3,$673.65,RENT,debt_consolidation,2024/05/16,United States,0,1
APP-10393,58,84318.87,14000.0,14003.55,646,,$472.39,MORTGAGE,debt_consolidation,2024/04/04,United States,0,1
APP-10394,50,11875.59,3400.0,3404.64,628,4.3,$115.46,RENT,debt_consolidation,2024/05/24,United States,1,0
APP-10395,32,,9400.0,9401.04,532,4.5,$330.24,RENT,home_improvement,2024/04/08,United States,1,0
APP-10396,19,71075.12,25100.0,25088.23,687,4.9,$834.58,OWN,small_business,2024/04/21,United States,0,1
APP-10397,52,,44100.0,44100.09,-999,1.1,"$1,390.60",,home_improvement,2024/02/21,United States,0,1
APP-10398,36,49636.23,21500.0,21506.15,700,,$711.54,OWN,credit_card,2024/05/25,United States,0,1
APP-10399,51,31672.32,6300.0,6302.64,678,2.3,$210.15,RENT,medical,2024/02/02,United States,0,1
APP-10400,20,43926.02,13200.0,13202.23,704,5.4,$436.23,OWN,home_improvement,2024/01/04,United States,0,1
APP-10401,31,111851.33,40000.0,39991.39,679,1.4,"$1,333.83",RENT,home_improvement,2024/03/27,United States,0,1
APP-10402,38,33270.34,11900.0,11896.4,619,,$405.41,OTHER,medical,2024/03/15,United States,0,1
APP-10403,38,,10500.0,10502.06,741,21.1,$342.39,OWN,debt_consolidation,2024/06/28,United States,0,1
APP-10404,33,36693.46,8500.0,8502.05,696,0.1,$281.71,MORTGAGE,medical,2024/01/09,United States,0,1
APP-10405,44,27667.2,5400.0,5406.07,681,9.7,$179.94,RENT,small_business,2024/03/04,United States,0,1
APP-10406,26,52764.94,18000.0,17999.28,606,9.3,$616.07,RENT,medical,2024/01/30,United States,0,1
APP-10407,36,129937.27,42900.0,42902.03,777,2.1,"$1,380.74",MORTGAGE,debt_consolidation,2024/05/15,United States,0,1
APP-10408,39,59506.9,12100.0,12100.08,729,0.9,$396.28,RENT,medical,2024/05/12,United States,0,1
APP-10409,43,,15200.0,15195.07,638,0.9,$514.35,OWN,home_improvement,2024/03/16,United States,0,1
APP-10410,45,41147.29,11800.0,11788.72,755,7.2,$382.83,CO_LIVING,credit_card,2024/05/08,United States,0,1
APP-10411,25,19188.87,6700.0,6702.16,-999,6.2,$226.40,CO_LIVING,home_improvement,2024/01/15,United States,0,1
APP-10412,21,83271.85,33400.0,33400.87,621,9.2,"$1,137.08",MORTGAGE,credit_card,2024/03/29,United States,0,1
APP-10413,52,46784.05,9400.0,9396.91,623,16.6,$319.79,OWN,medical,2024/06/14,United States,0,1
APP-10414,41,43989.76,6900.0,6891.9,547,7.1,$241.14,RENT,small_business,2024/06/18,United States,0,1
APP-10415,29,332988.94,127800.0,127803.15,715,1.0,"$4,206.74",CO_LIVING,medical,2024/05/07,United States,0,1
APP-10416,55,58644.66,19500.0,19498.67,542,1.7,$682.68,RENT,debt_consolidation,2024/06/22,United States,0,1
APP-10417,39,31223.47,11200.0,11202.78,587,11.1,$385.92,MORTGAGE,medical,2024/01/26,United States,0,1
APP-10418,50,37956.1,15200.0,15209.32,524,1.4,$535.51,MORTGAGE,credit_card,2024/03/01,United States,1,0
APP-10419,38,97642.43,38200.0,38189.29,673,0.5,"$1,276.55",RENT,home_improvement,2024/05/02,United States,0,1
APP-10420,60,52468.18,23000.0,22996.5,668,7.3,$769.99,,small_business,2024/03/07,United States,0,1
APP-10421,57,20682.29,6400.0,6398.95,655,,$215.26,MORTGAGE,medical,2024/05/29,United States,1,0
APP-10422,35,85096.17,25200.0,25207.27,601,,$864.03,OWN,medical,2024/01/26,United States,0,1
APP-10423,48,32830.51,8900.0,8891.82,592,6.3,$306.13,RENT,home_improvement,2024/03/23,United States,0,1
APP-10424,45,150840.56,29600.0,29609.68,714,,$974.68,CO_LIVING,small_business,2024/04/17,United States,0,1
APP-10425,53,93716.43,30200.0,30200.68,638,17.7,"$1,021.93",CO_LIVING,medical,2024/04/20,United States,0,1
APP-10426,27,37481.65,8700.0,8699.52,703,1.8,$287.62,,medical,2024/02/29,United States,0,1
APP-10427,45,105726.39,45100.0,45099.01,613,2.5,"$1,539.77",CO_LIVING,credit_card,2024/02/08,United States,0,1
APP-10428,49,,16600.0,16597.82,693,3.1,$550.76,RENT,credit_card,2024/05/02,United States,0,1
APP-10429,18,81769.88,26800.0,26805.24,777,0.3,$862.56,OWN,debt_consolidation,2024/02/05,United States,0,1
APP-10430,24,65567.78,16800.0,16794.66,723,4.1,$551.40,OWN,home_improvement,2024/01/21,United States,0,1
APP-10431,18,29501.19,4900.0,4901.73,649,,$165.16,OWN,small_business,2024/06/17,United States,0,1
APP-10432,35,33318.57,5300.0,5298.08,699,3.1,$175.47,RENT,medical,2024/04/27,United States,0,1
APP-10433,45,,25200.0,25196.19,661,2.6,$845.75,CO_LIVING,medical,2024/02/17,United States,0,1
APP-10434,54,40100.13,7000.0,7012.93,680,,$233.34,OWN,debt_consolidation,2024/01/26,United States,0,1
APP-10435,38,38476.81,12800.0,12802.1,655,9.8,$430.51,CO_LIVING,medical,2024/02/05,United States,0,1
APP-10436,55,27637.43,11400.0,11403.07,667,1.0,$381.78,,home_improvement,2024/05/31,United States,0,1
APP-10437,22,63206.31,26200.0,26205.69,695,2.7,$868.65,RENT,debt_consolidation,2024/05/07,United States,0,1
APP-10438,19,168976.5,58800.0,58792.89,605,2.8,"$2,013.22",CO_LIVING,home_improvement,2024/05/28,United States,0,1
APP-10439,37,25834.87,5500.0,5508.76,603,1.0,$188.44,CO_LIVING,debt_consolidation,2024/05/25,United States,0,1
APP-10440,42,49738.36,20300.0,20287.46,575,9.6,$702.46,RENT,medical,2024/01/15,United States,0,1
APP-10441,37,,47600.0,47596.16,-999,7.4,"$1,656.49",MORTGAGE,debt_consolidation,2024/03/19,United States,1,0
APP-10442,18,46733.44,9800.0,9797.7,588,1.3,$337.56,RENT,credit_card,2024/05/13,United States,0,1
APP-10443,37,64306.96,23900.0,23902.91,691,2.7,$793.54,RENT,small_business,2024/06/19,United States,0,1
APP-10444,23,25914.65,6100.0,6101.09,613,0.7,$208.26,OWN,medical,2024/06/07,United States,0,1
APP-10445,45,63385.11,24800.0,24799.17,718,5.9,$815.45,RENT,small_business,2024/01/28,United States,0,1
APP-10446,42,43814.21,19700.0,19699.94,682,,$656.21,RENT,medical,2024/05/15,United States,0,1
APP-10447,27,88560.22,14100.0,14095.11,532,25.6,$495.37,RENT,small_business,2024/06/05,United States,1,0
APP-10448,32,99950.63,41900.0,41892.51,729,9.1,"$1,372.25",MORTGAGE,credit_card,2024/05/28,United States,1,0
APP-10449,26,231825.03,78100.0,78103.63,740,3.0,"$2,547.66",MORTGAGE,small_business,2024/04/29,United States,0,1
APP-10450,37,,30700.0,30703.47,605,,"$1,051.12",RENT,debt_consolidation,2024/03/28,United States,0,1
APP-10451,48,59603.99,17300.0,17307.92,711,14.5,$570.28,CO_LIVING,small_business,2024/06/26,United States,0,1
APP-10452,27,55084.88,22300.0,22296.05,615,4.8,$760.81,RENT,medical,2024/01/31,United States,0,1
APP-10453,43,39660.07,6700.0,6703.46,687,1.2,$222.78,RENT,home_improvement,2024/02/16,United States,0,1
APP-10454,32,60059.46,15000.0,14998.58,585,,$517.23,RENT,small_business,2024/02/03,United States,0,1
APP-10455,29,41058.75,7000.0,7005.95,545,11.1,$244.81,MORTGAGE,small_business,2024/01/02,United States,0,1
APP-10456,36,,24000.0,24005.11,651,6.2,$808.37,RENT,small_business,2024/04/15,United States,0,1
APP-10457,26,108072.6,42700.0,42701.06,670,6.3,"$1,428.47",RENT,medical,2024/04/03,United States,0,1
APP-10458,31,26797.78,10900.0,10898.3,650,,$367.26,RENT,small_business,2024/03/12,United States,0,1
APP-10459,24,97141.81,41900.0,41904.8,591,13.5,"$1,441.73",RENT,medical,2024/02/21,United States,0,1
APP-10460,59,108041.32,19000.0,19003.23,650,15.1,$640.19,MORTGAGE,medical,2024/05/14,United States,0,1
APP-10461,38,45668.26,12100.0,12096.58,700,0.6,$400.45,RENT,home_improvement,2024/05/26,United States,0,1
APP-10462,30,13723.8,2400.0,2393.36,676,4.7,$80.12,RENT,debt_consolidation,2024/03/30,United States,0,1
APP-10463,40,34040.52,7300.0,7298.56,693,8.1,$242.20,MORTGAGE,medical,2024/04/01,United States,0,1
APP-10464,36,106744.85,23400.0,23407.58,629,8.5,$794.37,RENT,credit_card,2024/05/22,United States,0,1
APP-10465,35,48352.79,14100.0,14105.73,767,5.6,$455.46,MORTGAGE,small_business,2024/03/18,United States,0,1
APP-10466,44,26914.45,6200.0,6194.44,591,1.1,$213.33,OWN,credit_card,2024/06/24,United States,0,1
APP-10467,46,36211.61,6500.0,6494.16,716,9.6,$213.88,CO_LIVING,small_business,2024/05/04,United States,0,1
APP-10468,32,81175.76,16300.0,16306.37,768,7.6,$526.34,MORTGAGE,home_improvement,2024/05/21,United States,0,1
APP-10469,31,68052.87,13200.0,13194.32,716,0.5,$434.34,RENT,medical,2024/05/10,United States,0,1
APP-10470,34,42473.72,18800.0,18802.55,664,3.7,$630.28,OWN,debt_consolidation,2024/02/19,United States,0,1
APP-10471,18,39336.39,14900.0,14896.92,640,,$503.84,OWN,medical,2024/04/02,United States,0,1
APP-10472,21,38752.29,17100.0,17108.09,757,2.5,$554.38,RENT,small_business,2024/05/03,United States,0,1
APP-10473,53,28185.24,7900.0,7896.15,573,0.1,$273.57,MORTGAGE,debt_consolidation,2024/02/23,United States,1,0
APP-10474,56,129214.02,30200.0,30205.72,607,3.1,"$1,033.26",MORTGAGE,medical,2024/05/13,United States,0,1
APP-10475,35,40400.92,15700.0,15700.92,650,4.8,$529.00,OTHER,debt_consolidation,2024/06/25,United States,0,1
APP-10476,44,,25200.0,25201.26,772,5.8,$812.54,MORTGAGE,small_business,2024/05/30,United States,0,1
APP-10477,41,,29300.0,29290.15,708,6.5,$966.89,RENT,home_improvement,2024/03/18,United States,0,1
APP-10478,71,89231.25,19600.0,19588.99,607,10.9,$670.60,CO_LIVING,home_improvement,2024/03/18,United States,0,1
APP-10479,50,37836.44,7100.0,7098.9,656,1.5,$238.71,CO_LIVING,medical,2024/01/20,United States,0,1
APP-10480,36,62457.28,14200.0,14201.23,633,0.8,$481.37,OWN,credit_card,2024/03/31,United States,0,1
APP-10481,27,48314.29,12400.0,12394.37,626,11.4,$421.40,RENT,small_business,2024/04/08,United States,0,1
APP-10482,20,28503.41,10000.0,9994.56,753,1.0,$324.67,CO_LIVING,medical,2024/06/21,United States,0,1
APP-10483,40,59552.62,10100.0,10102.81,577,22.1,$349.25,RENT,medical,2024/02/25,United States,1,0
APP-10484,29,24162.96,5200.0,5202.81,800,11.1,$165.96,RENT,home_improvement,2024/01/02,United States,0,1
APP-10485,22,99968.22,39300.0,39299.31,742,4.2,"$1,281.06",RENT,debt_consolidation,2024/04/14,United States,1,0
APP-10486,30,37094.71,7200.0,7203.9,761,,$233.09,MORTGAGE,small_business,2024/06/21,United States,0,1
APP-10487,26,,14000.0,13994.13,645,,$472.56,MORTGAGE,debt_consolidation,2024/06/16,United States,1,0
APP-10488,56,58103.01,23800.0,23798.22,668,2.2,$796.77,MORTGAGE,small_business,2024/04/21,United States,0,1
APP-10489,47,,8200.0,8208.24,572,6.1,$284.05,RENT,credit_card,2024/01/24,United States,0,1
APP-10490,37,69704.23,12200.0,12200.34,640,2.6,$412.54,MORTGAGE,home_improvement,2024/06/05,United States,0,1
APP-10491,54,36866.47,10900.0,10900.63,717,15.8,$358.53,RENT,credit_card,2024/04/18,United States,0,1
APP-10492,38,,19900.0,19911.53,777,0.4,$640.48,MORTGAGE,medical,2024/03/08,United States,0,1
APP-10493,28,21859.97,7000.0,6993.0,596,4.8,$240.44,CO_LIVING,home_improvement,2024/04/23,United States,0,1
APP-10494,54,52882.5,20700.0,20703.98,652,5.4,$696.97,CO_LIVING,medical,2024/03/24,United States,0,1
APP-10495,43,156898.97,30000.0,30008.32,668,6.3,"$1,004.33",OWN,credit_card,2024/02/18,United States,0,1
APP-10496,26,26897.84,8700.0,8698.38,575,1.8,$301.06,MORTGAGE,small_business,2024/02/01,United States,0,1
APP-10497,35,32641.93,9800.0,9804.3,724,2.7,$321.54,RENT,medical,2024/03/01,United States,0,1
APP-10498,28,,12900.0,12895.09,625,11.1,$438.55,MORTGAGE,debt_consolidation,2024/06/18,United States,0,1
APP-10499,22,54597.81,18400.0,18396.57,665,1.3,$616.65,,small_business,2024/05/08,United States,0,1
APP-10500,48,60498.75,14000.0,14001.92,646,10.5,$472.39,RENT,small_business,2024/04/11,United States,0,1
APP-10501,59,65743.25,19500.0,19503.99,620,5.0,$664.10,RENT,credit_card,2024/02/04,United States,0,1
APP-10502,22,71742.09,12500.0,12505.6,679,8.6,$416.82,OWN,credit_card,2024/02/20,United States,0,1
APP-10503,44,95398.67,27500.0,27507.85,663,7.5,$922.28,OWN,home_improvement,2024/02/14,United States,0,1
APP-10504,30,62685.86,15200.0,15199.66,652,1.4,$511.78,RENT,home_improvement,2024/03/17,United States,0,1
APP-10505,32,42414.49,16800.0,16805.97,625,5.0,$571.13,MORTGAGE,debt_consolidation,2024/04/22,United States,0,1
APP-10506,31,73390.09,12300.0,12298.29,703,12.1,$406.63,,small_business,2024/03/05,United States,0,1
APP-10507,28,,42200.0,42204.51,804,3.4,"$1,344.90",MORTGAGE,debt_consolidation,2024/01/14,United States,0,1
APP-10508,38,45270.9,13000.0,13001.04,690,20.4,$431.79,OWN,debt_consolidation,2024/04/02,United States,0,1
APP-10509,28,27317.49,10000.0,10002.23,754,3.6,$324.55,MORTGAGE,credit_card,2024/05/10,United States,0,1
APP-10510,40,95248.87,30700.0,30702.12,575,0.9,"$1,062.35",,debt_consolidation,2024/01/24,United States,1,0
APP-10511,37,45604.94,16000.0,15991.98,691,3.0,$531.24,RENT,debt_consolidation,2024/03/05,United States,1,0
APP-10512,35,13311.7,5100.0,5094.38,597,,$175.11,RENT,medical,2024/06/24,United States,0,1
APP-10513,28,81507.72,33300.0,33300.51,569,2.3,"$1,154.76",OWN,home_improvement,2024/05/17,United States,0,1
APP-10514,31,35553.83,8700.0,8691.56,624,12.2,$295.87,CO_LIVING,home_improvement,2024/01/13,United States,0,1
APP-10515,46,46429.02,14500.0,14504.16,769,12.8,$468.04,RENT,small_business,2024/05/21,United States,0,1
APP-10516,43,,24100.0,24104.36,751,2.6,$783.02,RENT,home_improvement,2024/04/09,United States,0,1
APP-10517,27,54956.64,24600.0,24601.64,698,0.5,$814.72,,small_business,2024/05/17,United States,0,1
APP-10518,39,75032.08,31300.0,31294.39,565,7.7,"$1,086.94",RENT,medical,2024/06/16,United States,0,1
APP-10519,46,37748.77,9900.0,9906.9,665,2.2,$331.78,MORTGAGE,home_improvement,2024/05/30,United States,0,1
APP-10520,19,66693.55,13900.0,13910.19,702,9.2,$459.69,OWN,medical,2024/04/08,United States,0,1
APP-10521,43,41951.61,12500.0,12500.74,693,3.5,$414.73,MORTGAGE,home_improvement,2024/02/24,United States,0,1
APP-10522,30,76365.5,28400.0,28402.55,541,4.0,$994.61,RENT,home_improvement,2024/03/03,United States,1,0
APP-10523,44,70913.81,21100.0,21101.01,613,,$720.38,RENT,medical,2024/03/11,United States,0,1
APP-10524,29,27965.78,8200.0,8202.65,675,2.9,$273.83,OWN,debt_consolidation,2024/06/18,United States,0,1
APP-10525,18,,37800.0,37799.4,720,3.5,"$1,242.00",MORTGAGE,debt_consolidation,2024/04/08,United States,0,1
APP-10526,20,35540.28,9200.0,9199.83,515,2.8,$325.15,RENT,debt_consolidation,2024/03/06,United States,0,1
APP-10527,38,79605.2,32500.0,32504.53,667,2.7,"$1,088.41",RENT,debt_consolidation,2024/03/19,United States,0,1
APP-10528,40,61106.43,16600.0,16611.73,690,4.5,$551.36,MORTGAGE,home_improvement,2024/03/13,United States,0,1
APP-10529,28,147695.83,36700.0,36693.0,743,9.9,"$1,195.87",,credit_card,2024/02/16,United States,1,0
APP-10530,45,,12300.0,12299.48,731,2.7,$402.54,MORTGAGE,medical,2024/03/21,United States,0,1
APP-10531,19,,15100.0,15094.1,723,4.5,$495.61,OTHER,credit_card,2024/05/05,United States,0,1
APP-10532,37,48452.94,9100.0,9107.96,620,6.7,$309.91,CO_LIVING,credit_card,2024/02/21,United States,0,1
APP-10533,24,40867.57,8500.0,8497.06,536,1.9,$298.21,RENT,small_business,2024/05/25,United States,0,1
APP-10534,30,79218.5,34500.0,34492.78,650,2.0,"$1,162.44",MORTGAGE,debt_consolidation,2024/05/25,United States,0,1
APP-10535,38,18586.92,3800.0,3803.19,755,16.3,$123.29,CO_LIVING,home_improvement,2024/05/31,United States,0,1
APP-10536,28,26050.46,8300.0,8308.72,784,7.7,$266.46,RENT,debt_consolidation,2024/01/23,United States,0,1
APP-10537,33,25830.68,8400.0,8403.32,733,5.2,$274.71,RENT,debt_consolidation,2024/05/19,United States,0,1
APP-10538,49,86697.87,25700.0,25701.02,712,6.3,$846.87,CO_LIVING,credit_card,2024/05/30,United States,0,1
APP-10539,31,,47000.0,47002.05,708,0.2,"$1,550.99",RENT,small_business,2024/01/21,United States,0,1
APP-10540,47,46042.97,10100.0,10107.07,638,5.8,$341.77,RENT,debt_consolidation,2024/03/04,United States,0,1
APP-10541,25,44298.54,14000.0,13995.63,670,4.3,$468.35,OWN,medical,2024/03/12,United States,0,1
APP-10542,43,51125.12,13400.0,13399.44,805,4.7,$426.90,CO_LIVING,medical,2024/06/10,United States,0,1
APP-10543,53,98432.57,34300.0,34297.74,609,2.7,"$1,172.71",,debt_consolidation,2024/05/09,United States,0,1
APP-10544,18,28101.78,5400.0,5394.16,801,0.5,$172.28,RENT,credit_card,2024/03/09,United States,0,1
APP-10545,29,56557.97,18200.0,18198.36,655,1.3,$612.13,MORTGAGE,credit_card,2024/06/07,United States,0,1
APP-10546,44,88002.33,18100.0,18105.54,779,18.1,$582.13,OWN,home_improvement,2024/03/08,United States,0,1
APP-10547,35,66214.62,15500.0,15502.83,574,3.2,$536.55,OWN,small_business,2024/05/26,United States,0,1
APP-10548,42,54926.38,11800.0,11803.22,723,3.8,$387.30,MORTGAGE,credit_card,2024/05/07,United States,0,1
APP-10549,31,89377.8,18300.0,18300.73,624,0.3,$622.34,RENT,home_improvement,2024/04/16,United States,0,1
APP-10550,38,9682.36,3900.0,3902.62,573,0.2,$135.05,RENT,medical,2024/04/18,United States,0,1
APP-10551,36,,17400.0,17396.0,696,7.6,$576.68,RENT,medical,2024/03/12,United States,0,1
APP-10552,50,33108.81,14200.0,14198.45,755,4.6,$460.70,RENT,medical,2024/04/12,United States,0,1
APP-10553,40,16344.07,7200.0,7200.96,616,,$245.55,OWN,debt_consolidation,2024/05/20,United States,1,0
APP-10554,41,66617.43,21400.0,21401.39,567,1.7,$742.62,MORTGAGE,small_business,2024/03/05,United States,1,0
APP-10555,33,111769.63,21600.0,21601.6,673,8.2,$721.82,MORTGAGE,home_improvement,2024/05/13,United States,0,1
APP-10556,32,45140.31,11800.0,11799.31,673,1.1,$394.33,MORTGAGE,small_business,2024/04/21,United States,0,1
APP-10557,33,86831.5,33800.0,33798.11,721,1.3,"$1,110.17",RENT,debt_consolidation,2024/06/03,United States,0,1
APP-10558,42,128974.11,33600.0,33615.79,751,3.7,"$1,091.69",CO_LIVING,home_improvement,2024/03/19,United States,0,1
APP-10559,33,107898.76,19000.0,19004.53,675,2.0,$634.48,RENT,home_improvement,2024/06/28,United States,0,1
APP-10560,41,131134.49,41600.0,41602.07,819,1.7,"$1,318.52",RENT,credit_card,2024/05/05,United States,0,1
APP-10561,60,76517.63,30900.0,30898.83,696,6.2,"$1,024.11",RENT,small_business,2024/04/30,United States,0,1
APP-10562,47,51290.47,19900.0,19897.74,654,6.3,$669.55,OWN,small_business,2024/03/27,United States,0,1
APP-10563,34,18747.59,3800.0,3799.35,559,10.4,$132.24,OTHER,credit_card,2024/02/17,United States,1,0
APP-10564,51,42292.39,14900.0,14901.46,660,3.2,$500.25,RENT,medical,2024/03/28,United States,0,1
APP-10565,33,,6400.0,6390.6,-999,,$215.33,RENT,debt_consolidation,2024/03/08,United States,0,1
APP-10566,18,180333.94,38900.0,38892.15,752,1.9,"$1,263.43",CO_LIVING,small_business,2024/06/20,United States,0,1
APP-10567,26,,18200.0,18196.82,714,23.5,$599.30,RENT,credit_card,2024/04/10,United States,0,1
APP-10568,18,52781.86,11900.0,11901.04,591,,$409.46,MORTGAGE,home_improvement,2024/01/17,United States,0,1
APP-10569,34,,15600.0,15598.8,692,7.4,$517.77,MORTGAGE,credit_card,2024/02/07,United States,0,1
APP-10570,38,50320.18,7600.0,7607.39,730,0.0,$248.81,MORTGAGE,medical,2024/05/17,United States,0,1
APP-10571,56,135541.16,55700.0,55692.59,794,4.4,"$1,781.63",RENT,debt_consolidation,2024/02/23,United States,0,1
APP-10572,41,33739.02,13100.0,13096.24,746,0.2,$426.40,MORTGAGE,medical,2024/05/13,United States,0,1
APP-10573,35,55092.26,18600.0,18607.6,737,5.1,$607.40,OWN,home_improvement,2024/05/13,United States,0,1
APP-10574,47,31398.57,11800.0,11800.66,684,,$392.77,MORTGAGE,home_improvement,2024/02/21,United States,0,1
APP-10575,18,22203.08,4300.0,4304.42,709,20.7,$141.85,CO_LIVING,home_improvement,2024/01/15,United States,1,0
APP-10576,40,,9800.0,9810.26,773,4.7,$315.87,RENT,home_improvement,2024/03/08,United States,0,1
APP-10577,46,,12200.0,12196.53,580,3.7,$421.42,OWN,credit_card,2024/04/21,United States,0,1
APP-10578,21,37889.1,6700.0,6699.5,653,17.4,$225.51,OWN,home_improvement,2024/04/13,United States,0,1
APP-10579,50,32355.76,9600.0,9598.64,622,6.7,$326.71,MORTGAGE,home_improvement,2024/01/07,United States,0,1
APP-10580,41,21082.73,9000.0,8990.23,708,0.4,$297.00,MORTGAGE,credit_card,2024/02/20,United States,0,1
APP-10581,33,,7600.0,7598.45,772,3.8,$245.05,MORTGAGE,home_improvement,2024/02/27,United States,0,1
APP-10582,44,19874.0,4700.0,4704.41,635,1.6,$159.21,CO_LIVING,medical,2024/04/18,United States,0,1
APP-10583,62,77345.18,16400.0,16402.7,500,3.8,$582.67,CO_LIVING,medical,2024/04/20,United States,0,1
APP-10584,40,51506.53,11400.0,11403.1,649,3.6,$384.25,OWN,small_business,2024/06/02,United States,0,1
APP-10585,40,20444.5,8600.0,8598.12,748,,$279.72,MORTGAGE,medical,2024/01/31,United States,1,0
APP-10586,32,40720.0,11800.0,11796.72,720,2.6,$387.72,MORTGAGE,debt_consolidation,2024/04/01,United States,0,1
APP-10587,28,,9000.0,9006.35,712,1.1,$296.57,RENT,debt_consolidation,2024/04/15,United States,0,1
APP-10588,47,59367.65,22500.0,22497.51,659,4.2,$755.68,MORTGAGE,debt_consolidation,2024/01/13,United States,1,0
APP-10589,28,109564.67,21500.0,21501.47,584,10.6,$741.62,CO_LIVING,credit_card,2024/05/25,United States,1,0
APP-10590,38,15913.08,4700.0,4700.82,718,6.5,$154.54,CO_LIVING,medical,2024/04/28,United States,0,1
APP-10591,32,52523.48,14700.0,14707.31,617,2.5,$501.16,OWN,debt_consolidation,2024/05/20,United States,0,1
APP-10592,43,44530.09,14700.0,14704.86,843,16.4,$461.83,RENT,small_business,2024/04/24,United States,0,1
APP-10593,41,,33000.0,32993.52,722,14.6,"$1,083.51",CO_LIVING,credit_card,2024/05/31,United States,0,1
APP-10594,49,55710.17,21200.0,21194.06,636,1.4,$717.89,RENT,small_business,2024/02/26,United States,0,1
APP-10595,32,31220.13,8400.0,8402.89,634,,$284.65,,medical,2024/05/05,United States,0,1
APP-10596,35,40480.18,16100.0,16099.68,673,8.1,$538.02,CO_LIVING,home_improvement,2024/06/05,United States,1,0
APP-10597,27,30405.67,6100.0,6097.72,662,10.5,$204.65,MORTGAGE,small_business,2024/02/23,United States,0,1
APP-10598,33,93489.49,14900.0,14905.08,763,20.6,$482.01,CO_LIVING,home_improvement,2024/05/12,United States,0,1
APP-10599,42,49651.65,10500.0,10500.94,693,13.2,$348.37,CO_LIVING,credit_card,2024/06/11,United States,0,1
APP-10600,46,153386.23,38700.0,38700.26,625,5.5,"$1,315.64",MORTGAGE,small_business,2024/01/19,United States,0,1
APP-10601,27,47268.69,14300.0,14303.9,821,4.5,$452.91,RENT,small_business,2024/03/17,United States,0,1
APP-10602,47,32046.91,10700.0,10698.12,683,,$356.29,RENT,credit_card,2024/03/09,United States,0,1
APP-10603,52,19767.04,8400.0,8407.84,737,1.7,$274.31,RENT,credit_card,2024/02/13,United States,1,0
APP-10604,42,16615.91,5000.0,4996.06,634,3.7,$169.43,OWN,debt_consolidation,2024/02/07,United States,1,0
APP-10605,58,,5700.0,5703.28,707,5.9,$188.17,MORTGAGE,medical,2024/03/02,United States,0,1
APP-10606,29,57542.32,9500.0,9507.17,703,4.9,$314.06,RENT,small_business,2024/01/22,United States,0,1
APP-10607,24,66518.48,10700.0,10693.11,538,,$375.12,MORTGAGE,small_business,2024/03/13,United States,0,1
APP-10608,18,18982.74,6000.0,5998.28,831,2.0,$189.34,OWN,credit_card,2024/06/16,United States,0,1
APP-10609,54,83869.98,23600.0,23605.71,776,5.0,$759.84,RENT,credit_card,2024/06/02,United States,0,1
APP-10610,45,36686.47,14700.0,14705.79,650,0.6,$495.30,RENT,medical,2024/05/04,United States,0,1
APP-10611,37,53534.19,10600.0,10599.14,597,3.2,$363.96,MORTGAGE,credit_card,2024/01/05,United States,0,1
APP-10612,41,128969.65,20300.0,20296.33,706,8.3,$670.38,MORTGAGE,home_improvement,2024/02/23,United States,0,1
APP-10613,25,,23900.0,23904.78,686,7.1,$794.96,MORTGAGE,home_improvement,2024/03/26,United States,0,1
APP-10614,64,41726.08,9200.0,9205.92,706,28.0,$303.82,CO_LIVING,home_improvement,2024/06/25,United States,0,1
APP-10615,39,28718.15,4700.0,4694.18,694,2.0,$155.88,CO_LIVING,home_improvement,2024/01/03,United States,0,1
APP-10616,39,13479.3,5000.0,4993.98,717,4.1,$164.46,RENT,medical,2024/02/07,United States,0,1
APP-10617,45,31840.94,5800.0,5801.13,788,2.4,$185.93,CO_LIVING,small_business,2024/05/21,United States,0,1
APP-10618,43,43188.17,14400.0,14403.15,722,3.5,$472.80,OTHER,home_improvement,2024/06/23,United States,0,1
APP-10619,40,27110.93,6400.0,6398.5,601,,$219.44,,credit_card,2024/05/21,United States,0,1
APP-10620,29,45308.31,9200.0,9203.4,782,6.9,$295.56,MORTGAGE,home_improvement,2024/03/13,United States,0,1
APP-10621,43,,13500.0,13496.45,803,12.8,$430.40,RENT,medical,2024/02/07,United States,0,1
APP-10622,58,42833.96,16700.0,16689.43,850,1.4,$523.32,OWN,credit_card,2024/06/20,United States,0,1
APP-10623,52,33189.82,8900.0,8897.88,595,12.4,$305.80,MORTGAGE,home_improvement,2024/05/04,United States,0,1
APP-10624,55,54241.02,20400.0,20400.32,698,,$675.62,RENT,small_business,2024/03/10,United States,0,1
APP-10625,32,63905.74,12000.0,11998.62,523,13.2,$422.92,MORTGAGE,credit_card,2024/03/05,United States,0,1
APP-10626,27,25482.84,9700.0,9694.21,721,,$318.60,RENT,credit_card,2024/01/25,United States,0,1
APP-10627,36,114297.44,25300.0,25290.92,638,2.3,$856.12,MORTGAGE,small_business,2024/01/16,United States,0,1
APP-10628,38,46205.18,16300.0,16297.43,824,4.3,$515.68,CO_LIVING,credit_card,2024/01/15,United States,0,1
APP-10629,50,49578.36,15900.0,15904.49,621,16.9,$541.30,RENT,home_improvement,2024/05/10,United States,0,1
APP-10630,19,74976.4,32100.0,32106.28,553,0.3,"$1,119.45",RENT,credit_card,2024/02/06,United States,0,1
APP-10631,54,56383.38,15000.0,15005.94,644,2.6,$506.49,RENT,home_improvement,2024/05/04,United States,0,1
APP-10632,36,,14800.0,14795.92,531,11.7,$520.14,,small_business,2024/04/22,United States,0,1
APP-10633,33,58236.9,9100.0,9094.23,736,3.0,$297.28,,debt_consolidation,2024/06/14,United States,0,1
APP-10634,26,33946.38,13500.0,13502.48,525,1.3,$475.45,CO_LIVING,small_business,2024/01/01,United States,1,0
APP-10635,19,60894.74,18700.0,18703.18,682,3.3,$622.90,OWN,home_improvement,2024/03/11,United States,0,1
APP-10636,47,,9400.0,9402.0,524,2.9,$331.17,RENT,medical,2024/04/12,United States,1,0
APP-10637,38,52320.1,11500.0,11489.93,655,14.8,$386.79,MORTGAGE,small_business,2024/01/19,United States,1,0
APP-10638,23,,12200.0,12195.67,803,8.6,$388.95,,medical,2024/02/21,United States,0,1
APP-10639,23,43266.32,6900.0,6899.85,-999,4.2,$227.78,OWN,medical,2024/04/27,United States,0,1
APP-10640,34,45382.3,19900.0,19902.44,615,26.7,$678.93,MORTGAGE,home_improvement,2024/06/06,United States,1,0
APP-10641,56,15849.46,5600.0,5603.84,677,3.8,$186.87,OWN,home_improvement,2024/04/16,United States,1,0
APP-10642,35,,15200.0,15200.72,681,0.4,$506.49,RENT,debt_consolidation,2024/02/24,United States,0,1
APP-10643,21,51829.09,11900.0,11901.65,715,1.8,$391.71,CO_LIVING,credit_card,2024/01/14,United States,0,1
APP-10644,35,53955.44,18000.0,18000.42,577,,$622.43,,small_business,2024/01/13,United States,0,1
APP-10645,35,26460.14,9400.0,9403.43,724,1.0,$308.41,MORTGAGE,home_improvement,2024/03/24,United States,0,1
APP-10646,18,104759.73,25700.0,25701.56,477,17.7,$920.44,MORTGAGE,small_business,2024/03/30,United States,1,0
APP-10647,37,29152.47,11800.0,11800.33,632,8.7,$400.15,OWN,medical,2024/01/27,United States,0,1
APP-10648,35,87699.75,38100.0,38098.66,643,1.9,"$1,286.95",,credit_card,2024/03/29,United States,0,1
APP-10649,45,63342.81,26300.0,26300.41,727,5.4,$861.96,MORTGAGE,debt_consolidation,2024/05/16,United States,0,1
APP-10650,58,,12400.0,12402.42,681,7.7,$413.19,CO_LIVING,small_business,2024/02/10,United States,0,1
APP-10651,50,142227.98,33200.0,33201.34,574,17.0,"$1,149.26",MORTGAGE,credit_card,2024/02/17,United States,0,1
APP-10652,35,23952.26,5600.0,5601.9,606,12.8,$191.67,RENT,debt_consolidation,2024/01/12,United States,0,1
APP-10653,25,85092.36,37400.0,37406.71,694,4.3,"$1,240.43",OTHER,small_business,2024/05/17,United States,0,1
APP-10654,66,89352.94,13700.0,13701.33,674,8.9,$457.66,MORTGAGE,credit_card,2024/01/06,United States,0,1
APP-10655,38,32781.77,12000.0,11996.76,636,5.0,$406.35,,home_improvement,2024/06/10,United States,0,1
APP-10656,38,113037.98,40900.0,40904.42,643,4.8,"$1,381.53",RENT,small_business,2024/06/28,United States,0,1
APP-10657,37,42191.42,14200.0,14193.17,732,0.7,$464.55,MORTGAGE,credit_card,2024/02/10,United States,0,1
APP-10658,40,58291.77,26100.0,26094.59,641,0.8,$882.24,RENT,debt_consolidation,2024/01/06,United States,0,1
APP-10659,36,,14000.0,14001.68,673,4.5,$467.85,RENT,credit_card,2024/05/09,United States,0,1
APP-10660,31,45225.43,11400.0,11402.58,842,1.9,$358.29,OWN,home_improvement,2024/01/15,United States,0,1
APP-10661,31,79736.68,13800.0,13793.77,573,0.1,$477.87,CO_LIVING,small_business,2024/05/24,United States,0,1
APP-10662,37,78912.37,22300.0,22298.09,541,7.7,$780.98,OWN,small_business,2024/01/16,United States,0,1
APP-10663,32,17169.35,3900.0,3896.97,738,0.2,$127.31,RENT,small_business,2024/06/04,United States,0,1
APP-10664,30,107216.36,27100.0,27097.57,629,5.4,$919.97,,home_improvement,2024/03/25,United States,0,1
APP-10665,39,18078.97,7200.0,7204.72,656,4.6,$242.08,MORTGAGE,debt_consolidation,2024/01/10,United States,0,1
APP-10666,35,91083.12,39200.0,39203.53,621,20.8,"$1,334.53",OWN,small_business,2024/05/17,United States,0,1
APP-10667,54,96377.02,19800.0,19799.9,660,4.0,$664.76,CO_LIVING,debt_consolidation,2024/05/17,United States,0,1
APP-10668,18,25474.17,6700.0,6697.27,799,0.4,$213.92,RENT,credit_card,2024/06/04,United States,0,1
APP-10669,50,38311.73,16400.0,16393.25,740,4.8,$534.98,OWN,debt_consolidation,2024/05/31,United States,0,1
APP-10670,51,25249.89,4300.0,4307.1,744,11.0,$140.06,RENT,debt_consolidation,2024/01/19,United States,0,1
APP-10671,18,43090.05,7700.0,7702.96,573,34.6,$266.64,RENT,small_business,2024/03/08,United States,1,0
APP-10672,34,40748.71,8100.0,8096.47,593,3.4,$278.51,RENT,medical,2024/02/11,United States,0,1
APP-10673,33,,25700.0,25703.6,467,2.3,$923.65,MORTGAGE,medical,2024/05/19,United States,0,1
APP-10674,22,107601.0,21000.0,20999.65,619,14.2,$715.44,MORTGAGE,home_improvement,2024/05/25,United States,0,1
APP-10675,29,113256.48,49900.0,49898.56,751,1.3,"$1,621.28",MORTGAGE,home_improvement,2024/05/30,United States,0,1
APP-10676,25,34985.86,9900.0,9902.18,718,5.7,$325.52,CO_LIVING,medical,2024/03/24,United States,0,1
APP-10677,57,43237.65,13000.0,12996.29,663,3.1,$435.99,MORTGAGE,credit_card,2024/05/13,United States,0,1
APP-10678,48,17853.18,4000.0,3998.28,678,0.3,$133.43,OWN,small_business,2024/02/22,United States,0,1
APP-10679,51,30226.61,8800.0,8800.61,628,2.6,$298.84,MORTGAGE,small_business,2024/04/07,United States,0,1
APP-10680,45,87457.74,30500.0,30497.5,695,1.8,"$1,011.22",RENT,credit_card,2024/02/11,United States,0,1
APP-10681,25,129230.08,48500.0,48503.35,737,7.0,"$1,583.81",MORTGAGE,credit_card,2024/01/30,United States,0,1
APP-10682,32,,8800.0,8809.35,558,,$306.35,MORTGAGE,medical,2024/01/09,United States,1,0
APP-10683,43,,11100.0,11096.23,702,1.9,$367.09,OWN,home_improvement,2024/06/18,United States,1,0
APP-10684,24,48250.26,20300.0,20291.67,749,,$660.04,RENT,credit_card,2024/02/03,United States,0,1
APP-10685,45,57994.11,22900.0,22889.99,648,0.3,$772.14,RENT,home_improvement,2024/06/16,United States,0,1
APP-10686,35,30158.98,11400.0,11399.25,732,4.6,$372.95,MORTGAGE,debt_consolidation,2024/03/28,United States,0,1
APP-10687,33,63223.83,10500.0,10496.68,850,,$329.03,MORTGAGE,small_business,2024/05/24,United States,0,1
APP-10688,45,36890.02,5600.0,5601.04,672,16.3,$187.21,MORTGAGE,medical,2024/06/05,United States,0,1
APP-10689,42,,10400.0,10400.66,709,8.7,$343.07,RENT,small_business,2024/02/19,United States,0,1
APP-10690,34,68034.52,23700.0,23691.98,624,6.4,$805.99,MORTGAGE,medical,2024/03/16,United States,0,1
APP-10691,50,49210.06,13500.0,13490.93,-999,10.4,$447.91,OWN,debt_consolidation,2024/06/25,United States,0,1
APP-10692,26,37728.4,10200.0,10201.48,714,6.3,$335.87,MORTGAGE,small_business,2024/02/15,United States,0,1
APP-10693,44,45900.63,19100.0,19100.68,694,20.8,$633.48,CO_LIVING,debt_consolidation,2024/02/15,United States,0,1
APP-10694,44,,19500.0,19497.87,603,7.5,$668.12,,medical,2024/05/05,United States,0,1
APP-10695,34,39261.25,16600.0,16591.71,695,15.5,$550.37,OWN,credit_card,2024/01/17,United States,0,1
APP-10696,41,41970.5,10200.0,10202.36,789,4.4,$326.86,MORTGAGE,small_business,2024/03/06,United States,0,1
APP-10697,24,,45700.0,45706.36,713,0.7,"$1,505.37",MORTGAGE,debt_consolidation,2024/04/13,United States,0,1
APP-10698,48,68634.57,15900.0,15901.39,752,,$516.41,RENT,small_business,2024/01/05,United States,0,1
APP-10699,35,41056.8,8500.0,8495.76,662,0.8,$285.17,RENT,small_business,2024/05/02,United States,0,1
APP-10700,32,74471.56,15300.0,15300.22,736,5.4,$499.82,MORTGAGE,small_business,2024/05/04,United States,0,1
APP-10701,49,40123.13,10100.0,10093.17,700,4.0,$334.26,OWN,home_improvement,2024/04/21,United States,0,1
APP-10702,30,99099.02,27600.0,27605.29,608,5.8,$943.97,MORTGAGE,debt_consolidation,2024/01/16,United States,0,1
APP-10703,22,61192.83,24400.0,24400.41,703,0.1,$806.65,OWN,debt_consolidation,2024/03/21,United States,0,1
APP-10704,20,,8500.0,8491.16,605,1.3,$291.03,RENT,small_business,2024/03/31,United States,0,1
APP-10705,44,,23800.0,23798.5,632,4.1,$807.08,MORTGAGE,credit_card,2024/05/14,United States,0,1
APP-10706,23,19100.59,5900.0,5902.32,694,18.0,$195.68,,small_business,2024/05/15,United States,0,1
APP-10707,57,24932.8,5900.0,5898.33,702,2.9,$195.12,CO_LIVING,home_improvement,2024/03/12,United States,1,0
APP-10708,18,23948.12,7100.0,7098.62,590,3.3,$244.39,RENT,medical,2024/04/05,United States,0,1
APP-10709,56,53410.67,12800.0,12793.88,759,7.5,$414.67,MORTGAGE,home_improvement,2024/04/20,United States,0,1
APP-10710,40,138622.4,45600.0,45602.83,722,5.6,"$1,497.21",RENT,credit_card,2024/03/22,United States,0,1
APP-10711,36,,52400.0,52396.76,627,2.1,"$1,780.11",MORTGAGE,small_business,2024/02/07,United States,0,1
APP-10712,32,,14300.0,14289.22,564,3.2,$496.77,CO_LIVING,debt_consolidation,2024/02/23,United States,0,1
APP-10713,42,66204.7,12200.0,12198.14,669,1.5,$408.28,OWN,small_business,2024/03/16,United States,1,0
APP-10714,37,16636.68,5200.0,5204.91,646,20.3,$175.46,CO_LIVING,credit_card,2024/01/15,United States,0,1
APP-10715,50,35397.47,14900.0,14898.07,688,0.8,$495.25,CO_LIVING,debt_consolidation,2024/06/26,United States,0,1
APP-10716,39,30556.41,7700.0,7708.69,652,2.8,$259.26,RENT,home_improvement,2024/04/25,United States,0,1
APP-10717,39,33775.52,12500.0,12502.14,529,0.2,$439.62,CO_LIVING,medical,2024/01/09,United States,1,0
APP-10718,34,44316.56,15400.0,15401.69,650,1.5,$518.89,RENT,medical,2024/01/08,United States,0,1
APP-10719,37,36928.75,15900.0,15899.36,657,9.1,$534.39,RENT,small_business,2024/04/19,United States,0,1
APP-10720,41,14949.31,5900.0,5899.66,727,,$193.37,OTHER,home_improvement,2024/05/26,United States,1,0
APP-10721,19,76783.58,24600.0,24598.68,627,0.5,$835.70,CO_LIVING,credit_card,2024/02/20,United States,0,1
APP-10722,23,25754.23,8900.0,8898.49,805,3.9,$283.54,MORTGAGE,medical,2024/01/31,United States,0,1
APP-10723,46,56587.77,23700.0,23702.65,536,,$831.47,RENT,home_improvement,2024/04/11,United States,1,0
APP-10724,39,170152.37,45900.0,45895.32,778,0.5,"$1,476.76",CO_LIVING,small_business,2024/01/03,United States,0,1
APP-10725,35,28236.46,7000.0,6994.62,663,9.9,$234.76,RENT,debt_consolidation,2024/04/08,United States,0,1
APP-10726,38,10741.04,1600.0,1594.38,744,8.9,$52.12,OWN,small_business,2024/03/23,United States,0,1
APP-10727,41,41290.9,16400.0,16410.23,685,14.8,$545.69,MORTGAGE,small_business,2024/02/12,United States,0,1
APP-10728,32,94899.7,37000.0,37002.65,765,11.6,"$1,196.06",OWN,home_improvement,2024/01/29,United States,0,1
APP-10729,29,158737.71,28800.0,28801.52,650,6.9,$970.39,MORTGAGE,medical,2024/01/10,United States,0,1
APP-10730,40,23441.66,7600.0,7594.71,597,0.3,$260.95,RENT,home_improvement,2024/05/19,United States,0,1
APP-10731,27,66040.24,19100.0,19103.12,786,9.2,$612.72,CO_LIVING,debt_consolidation,2024/02/15,United States,0,1
APP-10732,42,37079.28,6900.0,6899.42,671,11.2,$230.75,CO_LIVING,home_improvement,2024/01/30,United States,0,1
APP-10733,19,46001.58,20400.0,20401.07,696,9.6,$676.11,OWN,credit_card,2024/04/03,United States,0,1
APP-10734,49,239571.22,51400.0,51395.12,772,4.3,"$1,657.33",RENT,small_business,2024/02/01,United States,0,1
APP-10735,43,19894.88,3400.0,3400.8,602,1.6,$116.53,CO_LIVING,medical,2024/02/16,United States,0,1
APP-10736,40,57081.98,18700.0,18697.88,724,11.2,$613.54,CO_LIVING,debt_consolidation,2024/03/28,United States,0,1
APP-10737,48,64900.84,24100.0,24096.17,635,,$816.38,MORTGAGE,small_business,2024/03/03,United States,0,1
APP-10738,56,,15000.0,15003.67,670,23.7,$501.80,CO_LIVING,home_improvement,2024/06/02,United States,0,1
APP-10739,49,51989.13,18100.0,18092.31,685,1.0,$602.26,CO_LIVING,credit_card,2024/05/10,United States,0,1
APP-10740,18,58972.72,18300.0,18302.82,567,,$635.05,OWN,home_improvement,2024/01/23,United States,0,1
APP-10741,23,,7000.0,7003.42,621,,$238.31,MORTGAGE,small_business,2024/03/14,United States,0,1
APP-10742,31,,11600.0,11595.6,781,,$372.80,RENT,debt_consolidation,2024/02/19,United States,0,1
APP-10743,38,39898.13,12800.0,12795.9,746,1.2,$416.64,MORTGAGE,medical,2024/06/12,United States,0,1
APP-10744,43,71178.29,17000.0,16998.88,675,0.4,$567.69,MORTGAGE,small_business,2024/05/03,United States,0,1
APP-10745,30,39270.69,16900.0,16901.41,698,39.3,$559.71,CO_LIVING,debt_consolidation,2024/01/13,United States,0,1
APP-10746,40,61467.28,24300.0,24299.24,657,0.2,$816.72,RENT,small_business,2024/05/05,United States,0,1
APP-10747,29,48167.62,21400.0,21402.17,781,10.8,$687.76,,credit_card,2024/01/29,United States,0,1
APP-10748,31,96339.16,22000.0,22008.81,664,2.7,$737.56,MORTGAGE,home_improvement,2024/06/14,United States,1,0
APP-10749,22,47532.25,21000.0,20997.46,697,11.1,$695.75,OWN,medical,2024/04/30,United States,0,1
APP-10750,27,16918.8,4700.0,4691.42,765,4.9,$151.93,OWN,debt_consolidation,2024/03/30,United States,1,0
APP-10751,23,104522.0,26600.0,26604.13,621,13.9,$905.58,RENT,medical,2024/05/12,United States,0,1
APP-10752,27,28468.7,4700.0,4708.42,796,15.6,$150.23,RENT,medical,2024/05/27,United States,0,1
APP-10753,49,33114.95,5500.0,5501.96,565,0.1,$191.00,MORTGAGE,medical,2024/03/18,United States,1,0
APP-10754,27,34289.8,12300.0,12294.56,802,0.5,$392.28,RENT,debt_consolidation,2024/04/18,United States,0,1
APP-10755,66,,32100.0,32099.38,652,,"$1,080.80",CO_LIVING,debt_consolidation,2024/01/14,United States,1,0
APP-10756,43,,3000.0,2994.41,661,6.6,$100.68,CO_LIVING,medical,2024/05/15,United States,1,0
APP-10757,40,322110.24,107600.0,107603.21,538,13.2,"$3,772.28",RENT,home_improvement,2024/02/17,United States,1,0
APP-10758,28,92377.07,20900.0,20893.24,645,3.7,$705.46,MORTGAGE,small_business,2024/05/20,United States,0,1
APP-10759,45,56046.86,18100.0,18098.5,602,5.6,$620.37,RENT,medical,2024/01/24,United States,0,1
APP-10760,31,47432.53,12200.0,12194.98,634,1.3,$413.42,MORTGAGE,credit_card,2024/03/19,United States,0,1
APP-10761,39,58182.07,23100.0,23100.63,-999,9.8,$773.06,RENT,medical,2024/06/10,United States,0,1
APP-10762,66,67015.11,26600.0,26598.17,-999,20.5,$864.25,MORTGAGE,debt_consolidation,2024/02/20,United States,0,1
APP-10763,36,,21200.0,21200.88,695,1.9,$702.88,RENT,small_business,2024/01/03,United States,0,1
APP-10764,50,68416.05,17500.0,17500.11,703,4.1,$578.54,OWN,credit_card,2024/05/07,United States,0,1
APP-10765,30,51727.68,13400.0,13395.07,597,0.5,$460.10,CO_LIVING,small_business,2024/04/28,United States,0,1
APP-10766,37,43547.04,17100.0,17103.13,613,4.9,$583.81,RENT,small_business,2024/02/27,United States,1,0
APP-10767,57,44767.42,11100.0,11099.76,814,4.2,$352.46,MORTGAGE,credit_card,2024/05/04,United States,0,1
APP-10768,31,43610.58,9300.0,9295.06,624,0.9,$316.27,CO_LIVING,medical,2024/04/22,United States,0,1
APP-10769,57,,17000.0,17011.2,804,,$541.78,MORTGAGE,medical,2024/02/24,United States,0,1
APP-10770,45,69991.85,20300.0,20302.38,661,2.4,$681.30,RENT,medical,2024/04/28,United States,0,1
APP-10771,31,8398.15,2500.0,2499.23,680,,$83.33,MORTGAGE,home_improvement,2024/04/29,United States,0,1
APP-10772,44,72659.58,29200.0,29207.08,760,5.3,$945.63,RENT,medical,2024/03/20,United States,0,1
APP-10773,48,55096.51,11900.0,11909.21,775,0.1,$383.28,OWN,credit_card,2024/02/11,United States,0,1
APP-10774,44,48473.61,12800.0,12799.27,671,,$428.05,RENT,home_improvement,2024/01/21,United States,0,1
APP-10775,20,38827.69,15200.0,15201.74,650,,$512.15,MORTGAGE,medical,2024/01/10,United States,0,1
APP-10776,30,96227.23,38200.0,38195.06,675,2.7,"$1,275.64",RENT,home_improvement,2024/02/26,United States,0,1
APP-10777,35,86553.32,23000.0,22999.26,705,0.3,$759.82,MORTGAGE,credit_card,2024/06/01,United States,0,1
APP-10778,37,30830.92,8900.0,8899.0,746,8.4,$289.69,,medical,2024/02/25,United States,0,1
APP-10779,44,62581.9,15100.0,15100.92,680,18.6,$503.34,RENT,debt_consolidation,2024/02/07,United States,0,1
APP-10780,39,,11800.0,11801.66,726,1.6,$386.88,MORTGAGE,credit_card,2024/03/26,United States,0,1
APP-10781,23,21423.19,4000.0,4002.8,802,2.3,$127.57,RENT,small_business,2024/04/22,United States,1,0
APP-10782,42,33656.78,14500.0,14501.19,708,1.2,$478.50,RENT,small_business,2024/04/21,United States,0,1
APP-10783,44,82243.21,29200.0,29193.95,703,5.2,$965.33,MORTGAGE,credit_card,2024/06/23,United States,0,1
APP-10784,44,86844.55,26900.0,26895.31,566,1.0,$933.82,MORTGAGE,small_business,2024/02/23,United States,0,1
APP-10785,49,66692.73,10700.0,10697.27,482,2.6,$382.55,CO_LIVING,credit_card,2024/02/15,United States,0,1
APP-10786,47,75739.68,22200.0,22198.59,709,7.2,$732.33,,debt_consolidation,2024/01/04,United States,0,1
APP-10787,43,66816.61,18200.0,18205.25,672,4.9,$608.42,CO_LIVING,credit_card,2024/06/19,United States,0,1
APP-10788,37,,6600.0,6594.19,641,2.9,$223.10,CO_LIVING,medical,2024/03/02,United States,0,1
APP-10789,19,,22000.0,21998.21,698,3.3,$728.62,MORTGAGE,medical,2024/05/03,United States,0,1
APP-10790,42,,35000.0,35004.77,675,5.0,"$1,168.78",OWN,home_improvement,2024/05/07,United States,1,0
APP-10791,40,77078.13,24600.0,24598.5,764,0.0,$795.51,MORTGAGE,small_business,2024/04/21,United States,0,1
APP-10792,40,100042.26,36500.0,36502.3,686,,"$1,214.07",RENT,small_business,2024/03/25,United States,0,1
APP-10793,23,,12800.0,12799.3,623,12.8,$435.46,RENT,credit_card,2024/01/04,United States,0,1
APP-10794,26,60528.46,16700.0,16701.28,754,,$542.00,RENT,small_business,2024/03/05,United States,0,1
APP-10795,49,93161.53,17200.0,17198.86,663,7.4,$576.85,RENT,medical,2024/03/02,United States,0,1
APP-10796,37,48246.92,16100.0,16103.34,719,15.2,$529.19,RENT,debt_consolidation,2024/03/30,United States,0,1
APP-10797,45,,12500.0,12492.27,644,1.9,$422.08,,credit_card,2024/04/29,United States,0,1
APP-10798,38,44451.76,15500.0,15498.18,631,2.8,$525.81,,small_business,2024/05/09,United States,0,1
APP-10799,38,,5400.0,5401.48,686,5.0,$179.62,OWN,medical,2024/05/16,United States,0,1
APP-10800,48,32692.24,8400.0,8402.67,680,,$280.00,OWN,home_improvement,2024/02/14,United States,0,1
APP-10801,32,44949.22,14200.0,14207.46,715,17.1,$467.42,RENT,small_business,2024/05/25,United States,0,1
APP-10802,39,30471.53,8300.0,8298.04,659,8.1,$278.76,MORTGAGE,debt_consolidation,2024/04/21,United States,0,1
APP-10803,32,40750.49,16300.0,16307.4,542,0.5,$570.65,RENT,debt_consolidation,2024/06/24,United States,1,0
APP-10804,33,15737.96,6200.0,6196.7,647,6.6,$209.13,MORTGAGE,small_business,2024/02/11,United States,0,1
APP-10805,34,55713.41,18600.0,18606.64,739,3.2,$606.96,,small_business,2024/02/10,United States,0,1
APP-10806,40,,12900.0,12904.09,657,3.8,$433.57,RENT,medical,2024/03/29,United States,0,1
APP-10807,32,30023.83,6800.0,6795.43,661,0.3,$228.22,MORTGAGE,small_business,2024/02/11,United States,0,1
APP-10808,51,72805.55,13200.0,13201.54,753,1.3,$428.57,CO_LIVING,home_improvement,2024/02/04,United States,0,1
APP-10809,28,86037.81,22100.0,22099.74,626,,$751.04,CO_LIVING,medical,2024/06/14,United States,0,1
APP-10810,35,18684.77,5100.0,5103.13,564,3.6,$177.17,OWN,credit_card,2024/03/07,United States,1,0
APP-10811,33,31019.31,10900.0,10898.88,667,2.2,$365.04,CO_LIVING,home_improvement,2024/02/10,United States,0,1
APP-10812,53,30900.1,10700.0,10698.46,643,2.9,$361.43,OWN,medical,2024/04/08,United States,0,1
APP-10813,40,27890.97,4800.0,4806.85,607,11.6,$164.23,MORTGAGE,medical,2024/02/19,United States,0,1
APP-10814,49,80634.74,21700.0,21699.51,666,8.3,$726.98,MORTGAGE,debt_consolidation,2024/04/13,United States,0,1
APP-10815,21,43638.9,8900.0,8904.13,716,1.9,$292.85,RENT,medical,2024/03/26,United States,0,1
APP-10816,40,41826.74,8200.0,8198.87,679,0.7,$273.44,CO_LIVING,home_improvement,2024/03/19,United States,0,1
APP-10817,47,14730.61,5900.0,5908.33,703,1.7,$195.05,RENT,small_business,2024/02/14,United States,1,0
APP-10818,38,71772.08,11700.0,11696.61,816,15.2,$371.24,RENT,home_improvement,2024/05/26,United States,0,1
APP-10819,49,23305.51,6400.0,6396.93,654,5.2,$215.33,RENT,credit_card,2024/04/15,United States,0,1
APP-10820,32,50815.65,10200.0,10207.62,700,4.6,$337.57,RENT,medical,2024/05/24,United States,0,1
APP-10821,53,57897.31,24000.0,23997.78,641,,$811.26,RENT,medical,2024/05/01,United States,0,1
APP-10822,63,110901.22,35200.0,35208.01,616,2.7,"$1,200.49",OTHER,medical,2024/03/17,United States,0,1
APP-10823,34,22352.82,4900.0,4904.46,636,9.9,$165.93,RENT,medical,2024/02/25,United States,1,0
APP-10824,33,8008.77,2400.0,2399.23,644,4.4,$81.04,RENT,debt_consolidation,2024/04/21,United States,0,1
APP-10825,53,54737.8,20200.0,20190.93,706,0.7,$667.08,RENT,debt_consolidation,2024/04/02,United States,0,1
APP-10826,55,144394.83,63200.0,63199.9,850,,"$1,980.46",MORTGAGE,small_business,2024/02/10,United States,0,1
APP-10827,32,103091.05,22300.0,22300.51,626,4.6,$757.84,MORTGAGE,medical,2024/06/18,United States,0,1
APP-10828,33,,23100.0,23105.84,648,16.5,$778.89,RENT,credit_card,2024/01/06,United States,0,1
APP-10829,34,36498.2,15700.0,15707.94,675,2.2,$524.28,RENT,small_business,2024/04/07,United States,0,1
APP-10830,23,79560.54,33800.0,33796.58,709,12.2,"$1,114.99",RENT,medical,2024/03/13,United States,0,1
APP-10831,27,,9300.0,9304.01,699,8.7,$307.89,RENT,debt_consolidation,2024/06/16,United States,0,1
APP-10832,26,65239.13,22100.0,22103.83,776,1.7,$711.55,RENT,credit_card,2024/02/10,United States,0,1
APP-10833,29,66388.7,18000.0,18005.37,498,0.2,$639.96,OWN,small_business,2024/01/09,United States,0,1
APP-10834,37,,34800.0,34802.49,500,0.6,"$1,236.39",RENT,credit_card,2024/01/08,United States,1,0
APP-10835,40,256734.06,79400.0,79390.29,642,7.8,"$2,682.95",OWN,medical,2024/06/20,United States,0,1
APP-10836,55,62034.72,21900.0,21899.22,762,,$708.71,RENT,home_improvement,2024/04/13,United States,1,0
APP-10837,27,,10100.0,10094.22,562,2.8,$351.11,MORTGAGE,credit_card,2024/01/13,United States,0,1
APP-10838,48,48274.34,17800.0,17798.99,454,4.2,$642.62,MORTGAGE,credit_card,2024/01/19,United States,0,1
APP-10839,35,16959.01,6700.0,6704.9,722,7.8,$219.98,OWN,debt_consolidation,2024/04/07,United States,0,1
APP-10840,37,32311.29,6300.0,6301.53,698,0.7,$208.65,RENT,medical,2024/04/05,United States,0,1
APP-10841,45,38346.96,15300.0,15305.74,598,,$525.15,RENT,credit_card,2024/02/18,United States,0,1
APP-10842,25,35794.41,11200.0,11201.71,606,4.0,$383.33,RENT,medical,2024/04/09,United States,0,1
APP-10843,42,53713.14,21700.0,21693.51,607,,$742.45,MORTGAGE,debt_consolidation,2024/03/22,United States,0,1
APP-10844,39,29927.95,8400.0,8387.4,688,10.2,$279.20,CO_LIVING,medical,2024/06/06,United States,0,1
APP-10845,43,96049.45,25300.0,25300.74,633,1.1,$857.65,MORTGAGE,debt_consolidation,2024/03/06,United States,0,1
APP-10846,41,49026.89,20800.0,20798.93,717,9.9,$684.17,MORTGAGE,debt_consolidation,2024/03/31,United States,0,1
APP-10847,65,48748.02,11000.0,10995.12,465,7.1,$395.61,RENT,small_business,2024/02/28,United States,1,0
APP-10848,30,40266.02,16200.0,16191.5,615,,$552.69,OWN,medical,2024/02/22,United States,0,1
APP-10849,32,53804.61,15900.0,15896.33,595,7.2,$546.32,RENT,home_improvement,2024/02/21,United States,0,1
APP-10850,31,,24500.0,24499.03,660,3.2,$822.55,RENT,small_business,2024/03/21,United States,0,1
APP-10851,31,29135.77,7100.0,7103.33,639,0.9,$240.17,RENT,debt_consolidation,2024/06/07,United States,0,1
APP-10852,30,33028.63,10600.0,10600.94,739,6.6,$345.90,RENT,home_improvement,2024/01/15,United States,0,1
APP-10853,51,40854.18,10100.0,10108.04,540,4.5,$353.84,MORTGAGE,credit_card,2024/04/30,United States,0,1
APP-10854,53,21861.39,3500.0,3494.82,683,6.1,$116.54,RENT,credit_card,2024/05/27,United States,1,0
APP-10855,31,29984.78,6900.0,6904.41,721,2.5,$226.63,OWN,small_business,2024/01/05,United States,0,1
APP-10856,28,36837.35,5600.0,5600.24,819,14.2,$177.49,MORTGAGE,home_improvement,2024/05/14,United States,0,1
APP-10857,43,82837.28,36700.0,36703.47,643,5.3,"$1,239.66",MORTGAGE,medical,2024/01/18,United States,0,1
APP-10858,31,57384.92,25200.0,25197.82,704,0.5,$832.79,RENT,home_improvement,2024/02/25,United States,0,1
APP-10859,44,,14800.0,14805.36,544,3.6,$517.77,MORTGAGE,small_business,2024/03/15,United States,0,1
APP-10860,40,81677.9,30100.0,30101.48,500,8.5,"$1,069.41",OWN,medical,2024/04/05,United States,0,1
APP-10861,21,45142.39,11500.0,11496.6,743,9.5,$374.73,OWN,medical,2024/04/23,United States,0,1
APP-10862,55,61962.14,21800.0,21799.94,679,4.1,$726.94,RENT,credit_card,2024/04/10,United States,0,1
APP-10863,57,,18000.0,17998.8,768,13.5,$581.23,,home_improvement,2024/06/21,United States,1,0
APP-10864,31,57481.44,24900.0,24902.45,576,1.9,$861.34,CO_LIVING,medical,2024/01/28,United States,1,0
APP-10865,33,34556.29,9300.0,9294.1,-999,3.2,$305.79,MORTGAGE,small_business,2024/02/19,United States,0,1
APP-10866,41,11347.01,4400.0,4399.85,820,13.7,$139.41,MORTGAGE,credit_card,2024/01/02,United States,1,0
APP-10867,41,45226.23,10400.0,10401.98,711,13.6,$342.83,CO_LIVING,medical,2024/03/08,United States,0,1
APP-10868,45,115110.62,51500.0,51500.17,-999,6.9,"$1,704.39",RENT,home_improvement,2024/05/07,United States,0,1
APP-10869,60,,13500.0,13506.73,680,11.8,$450.01,RENT,credit_card,2024/03/17,United States,1,0
APP-10870,36,87486.39,29000.0,29003.87,562,0.6,"$1,008.14",RENT,home_improvement,2024/01/24,United States,0,1
APP-10871,29,,35800.0,35799.96,781,12.0,"$1,150.55",MORTGAGE,home_improvement,2024/04/21,United States,1,0
APP-10872,22,51699.04,18400.0,18401.08,634,,$623.52,MORTGAGE,home_improvement,2024/06/24,United States,0,1
APP-10873,29,55181.85,10300.0,10301.48,717,1.2,$338.80,RENT,credit_card,2024/06/21,United States,0,1
APP-10874,37,33840.34,14600.0,14602.02,562,1.6,$507.54,CO_LIVING,medical,2024/04/28,United States,0,1
APP-10875,57,40552.65,8300.0,8290.87,591,3.2,$285.59,CO_LIVING,debt_consolidation,2024/02/05,United States,0,1
APP-10876,32,70930.99,23900.0,23898.49,787,1.7,$766.43,RENT,medical,2024/01/02,United States,0,1
APP-10877,40,,21900.0,21892.58,653,2.3,$737.11,RENT,credit_card,2024/05/06,United States,0,1
APP-10878,37,45086.23,10900.0,10906.39,788,0.9,$349.41,RENT,debt_consolidation,2024/04/14,United States,1,0
APP-10879,51,37417.23,11700.0,11699.7,674,2.1,$390.85,RENT,debt_consolidation,2024/01/18,United States,0,1
APP-10880,65,49036.33,13500.0,13499.03,541,5.1,$472.79,RENT,debt_consolidation,2024/06/25,United States,0,1
APP-10881,32,70313.85,13900.0,13904.48,746,3.5,$452.44,CO_LIVING,small_business,2024/01/08,United States,0,1
APP-10882,32,20613.2,4100.0,4102.11,635,2.6,$138.89,RENT,credit_card,2024/01/15,United States,0,1
APP-10883,49,12360.87,3400.0,3394.36,732,8.2,$111.23,MORTGAGE,small_business,2024/05/24,United States,0,1
APP-10884,45,35230.87,13300.0,13299.65,681,13.4,$443.18,RENT,debt_consolidation,2024/01/23,United States,0,1
APP-10885,58,23566.29,9900.0,9898.32,564,8.5,$343.91,MORTGAGE,small_business,2024/04/02,United States,1,0
APP-10886,44,,6300.0,6291.28,692,2.4,$209.10,CO_LIVING,small_business,2024/06/03,United States,0,1
APP-10887,34,44861.35,12000.0,11996.55,844,,$376.87,RENT,credit_card,2024/06/13,United States,0,1
APP-10888,44,37348.61,6700.0,6699.08,716,1.0,$220.46,RENT,home_improvement,2024/02/18,United States,0,1
APP-10889,50,117181.64,18200.0,18199.43,675,0.8,$607.77,,small_business,2024/03/04,United States,0,1
APP-10890,47,59637.92,20800.0,20792.59,760,2.5,$673.60,MORTGAGE,small_business,2024/02/03,United States,0,1
APP-10891,43,58705.26,19400.0,19405.76,695,9.9,$643.20,RENT,debt_consolidation,2024/01/18,United States,0,1
APP-10892,49,71205.42,14200.0,14199.49,695,1.7,$470.80,MORTGAGE,debt_consolidation,2024/03/04,United States,0,1
APP-10893,50,24752.95,5400.0,5400.19,598,0.4,$185.35,MORTGAGE,debt_consolidation,2024/04/15,United States,0,1
APP-10894,53,91442.63,14400.0,14402.0,697,0.8,$477.08,OWN,medical,2024/03/14,United States,0,1
APP-10895,45,46842.28,18800.0,18796.06,757,11.7,$609.50,OWN,small_business,2024/04/11,United States,1,0
APP-10896,36,73297.98,32400.0,32402.28,617,6.0,"$1,104.60",MORTGAGE,debt_consolidation,2024/06/20,United States,0,1
APP-10897,39,,4900.0,4898.16,786,1.8,$157.19,RENT,credit_card,2024/01/17,United States,0,1
APP-10898,51,19297.77,4200.0,4195.52,673,4.9,$140.35,MORTGAGE,medical,2024/05/20,United States,0,1
APP-10899,29,80076.19,32900.0,32902.87,613,4.5,"$1,123.25",RENT,home_improvement,2024/02/21,United States,0,1
APP-10900,42,,26300.0,26307.46,754,,$853.57,RENT,small_business,2024/06/18,United States,0,1
APP-10901,33,28531.64,7900.0,7903.62,658,1.6,$265.42,OWN,small_business,2024/03/04,United States,0,1
APP-10902,38,29091.52,4800.0,4804.61,736,12.0,$156.81,OWN,credit_card,2024/02/03,United States,0,1
APP-10903,52,96303.59,15600.0,15597.4,658,2.2,$524.12,CO_LIVING,home_improvement,2024/04/04,United States,0,1
APP-10904,40,24013.05,7700.0,7692.01,675,7.1,$257.13,RENT,home_improvement,2024/03/27,United States,0,1
APP-10905,38,131347.76,35200.0,35207.45,717,,"$1,157.83",MORTGAGE,medical,2024/04/11,United States,0,1
APP-10906,23,28556.15,4500.0,4510.27,701,2.8,$148.87,RENT,small_business,2024/06/09,United States,0,1
APP-10907,46,71900.26,23400.0,23407.71,530,2.6,$822.67,CO_LIVING,debt_consolidation,2024/05/19,United States,1,0
APP-10908,45,40248.54,6200.0,6198.32,595,4.7,$213.03,RENT,credit_card,2024/03/16,United States,0,1
APP-10909,61,,27200.0,27194.23,749,0.5,$884.39,RENT,credit_card,2024/01/19,United States,1,0
APP-10910,34,35366.9,8600.0,8594.67,670,9.4,$287.70,CO_LIVING,credit_card,2024/05/16,United States,0,1
APP-10911,40,44459.07,7200.0,7191.58,640,1.5,$243.46,CO_LIVING,credit_card,2024/03/14,United States,0,1
APP-10912,40,50239.23,16400.0,16399.46,578,6.8,$566.91,MORTGAGE,debt_consolidation,2024/05/24,United States,1,0
APP-10913,55,26867.9,7200.0,7208.03,599,9.8,$247.04,OWN,debt_consolidation,2024/02/19,United States,0,1
APP-10914,36,76457.83,33800.0,33799.29,528,,"$1,189.14",OWN,medical,2024/02/08,United States,0,1
APP-10915,41,,11300.0,11301.51,672,8.1,$377.76,MORTGAGE,small_business,2024/06/17,United States,0,1
APP-10916,44,42737.84,9900.0,9906.88,635,6.5,$335.36,MORTGAGE,debt_consolidation,2024/05/17,United States,0,1
APP-10917,40,,9800.0,9797.98,607,2.6,$335.30,OWN,medical,2024/01/12,United States,0,1
APP-10918,33,10536.49,2400.0,2410.18,674,9.9,$80.17,RENT,home_improvement,2024/03/19,United States,0,1
APP-10919,40,,18400.0,18409.96,707,2.1,$607.42,,small_business,2024/01/15,United States,0,1
APP-10920,49,208473.93,54700.0,54699.34,836,5.1,"$1,722.94",CO_LIVING,debt_consolidation,2024/01/28,United States,0,1
APP-10921,26,78492.83,24700.0,24697.11,566,8.2,$857.44,RENT,home_improvement,2024/05/11,United States,1,0
APP-10922,39,48457.57,8000.0,8003.49,766,2.9,$258.51,RENT,medical,2024/02/05,United States,0,1
APP-10923,30,,11600.0,11598.26,752,2.2,$376.75,CO_LIVING,debt_consolidation,2024/04/28,United States,0,1
APP-10924,51,49686.05,19900.0,19894.22,621,3.7,$677.48,RENT,debt_consolidation,2024/03/05,United States,0,1
APP-10925,21,68068.61,26700.0,26706.41,695,10.2,$885.23,CO_LIVING,home_improvement,2024/04/07,United States,0,1
APP-10926,31,,5200.0,5206.08,645,15.9,$175.52,RENT,debt_consolidation,2024/02/16,United States,1,0
APP-10927,42,95663.59,20800.0,20800.78,693,4.7,$690.11,MORTGAGE,credit_card,2024/03/21,United States,0,1
APP-10928,55,,29800.0,29793.69,793,6.5,$953.54,RENT,debt_consolidation,2024/02/08,United States,0,1
APP-10929,37,75426.31,32400.0,32393.85,725,14.0,"$1,062.65",OWN,small_business,2024/02/07,United States,0,1
APP-10930,31,,11400.0,11400.54,718,0.6,$374.84,CO_LIVING,home_improvement,2024/02/13,United States,0,1
APP-10931,58,49601.18,14100.0,14097.5,647,1.6,$475.59,RENT,small_business,2024/06/27,United States,0,1
APP-10932,22,73402.75,18400.0,18398.29,568,7.4,$638.29,OWN,medical,2024/04/06,United States,1,0
APP-10933,18,,28800.0,28805.11,664,10.4,$965.54,RENT,small_business,2024/05/03,United States,0,1
APP-10934,42,,6900.0,6903.67,770,11.7,$222.64,RENT,credit_card,2024/01/26,United States,0,1
APP-10935,32,34746.67,7400.0,7406.89,565,3.2,$256.98,CO_LIVING,credit_card,2024/06/12,United States,1,0
APP-10936,26,52110.08,19600.0,19595.05,600,0.6,$672.26,MORTGAGE,small_business,2024/04/06,United States,0,1
APP-10937,45,124170.65,20500.0,20498.28,689,3.5,$681.14,RENT,medical,2024/01/01,United States,0,1
APP-10938,40,23307.62,6900.0,6903.79,606,1.6,$236.16,RENT,debt_consolidation,2024/02/22,United States,1,0
APP-10939,31,,5700.0,5702.24,620,2.1,$194.12,RENT,credit_card,2024/01/06,United States,1,0
APP-10940,23,54114.45,13500.0,13507.66,648,8.9,$455.19,CO_LIVING,small_business,2024/02/06,United States,0,1
APP-10941,47,50540.62,13600.0,13602.1,577,0.5,$470.28,,small_business,2024/01/02,United States,0,1
APP-10942,45,54393.78,16800.0,16809.24,606,10.5,$575.00,RENT,small_business,2024/05/02,United States,0,1
APP-10943,36,56747.79,11300.0,11302.7,732,3.3,$369.68,RENT,debt_consolidation,2024/03/09,United States,0,1
APP-10944,58,42876.48,13800.0,13805.31,581,,$476.53,MORTGAGE,home_improvement,2024/06/17,United States,0,1
APP-10945,26,119840.63,46900.0,46898.38,560,0.6,"$1,631.55",RENT,medical,2024/06/27,United States,0,1
APP-10946,21,18759.54,7100.0,7100.07,632,2.5,$240.77,MORTGAGE,home_improvement,2024/06/23,United States,1,0
APP-10947,30,29819.02,5800.0,5804.55,734,0.6,$189.61,MORTGAGE,medical,2024/01/13,United States,0,1
APP-10948,37,46075.98,9000.0,9008.06,665,19.5,$301.62,MORTGAGE,medical,2024/03/09,United States,0,1
APP-10949,40,18289.58,4200.0,4203.65,645,9.9,$141.77,RENT,small_business,2024/03/06,United States,0,1
APP-10950,35,44112.01,11400.0,11399.58,683,3.7,$379.60,MORTGAGE,credit_card,2024/02/28,United States,0,1
APP-10951,41,132837.53,36200.0,36206.89,549,,"$1,264.21",MORTGAGE,small_business,2024/03/08,United States,1,0
APP-10952,24,49638.99,17600.0,17589.04,717,16.3,$578.91,OWN,debt_consolidation,2024/02/28,United States,0,1
APP-10953,53,56298.35,9400.0,9392.89,708,2.5,$310.20,RENT,medical,2024/04/26,United States,0,1
APP-10954,37,23014.99,3700.0,3703.41,649,1.1,$124.71,RENT,credit_card,2024/01/10,United States,1,0
APP-10955,50,33866.55,9100.0,9100.07,755,5.0,$295.24,RENT,medical,2024/05/20,United States,0,1
APP-10956,41,,14100.0,14103.03,595,17.3,$484.48,OWN,medical,2024/05/09,United States,0,1
APP-10957,43,40512.71,8400.0,8400.32,764,0.0,$271.64,OWN,small_business,2024/01/15,United States,0,1
APP-10958,44,105766.2,36200.0,36202.85,691,1.6,"$1,201.93",RENT,credit_card,2024/02/15,United States,0,1
APP-10959,42,68501.75,15600.0,15595.93,654,16.7,$524.87,,credit_card,2024/05/17,United States,1,0
APP-10960,45,25162.88,10500.0,10502.85,678,1.1,$350.26,RENT,medical,2024/05/29,United States,0,1
APP-10961,52,,23800.0,23804.97,671,,$795.91,MORTGAGE,credit_card,2024/03/29,United States,0,1
APP-10962,40,,15800.0,15806.1,771,5.1,$509.64,CO_LIVING,credit_card,2024/03/17,United States,0,1
APP-10963,45,97157.57,21300.0,21310.07,599,11.9,$730.83,RENT,small_business,2024/05/15,United States,0,1
APP-10964,37,,34600.0,34601.22,622,3.9,"$1,177.51",RENT,home_improvement,2024/05/28,United States,0,1
APP-10965,53,26660.64,5900.0,5901.37,757,31.3,$191.28,RENT,debt_consolidation,2024/05/29,United States,0,1
APP-10966,30,30136.29,10600.0,10592.38,635,6.8,$359.07,MORTGAGE,home_improvement,2024/04/19,United States,0,1
APP-10967,57,23050.74,9200.0,9197.34,747,,$299.35,,credit_card,2024/04/06,United States,0,1
APP-10968,37,42599.09,15000.0,14999.03,807,,$477.52,MORTGAGE,medical,2024/02/14,United States,1,0
APP-10969,22,64848.89,25800.0,25805.25,649,3.1,$869.61,RENT,debt_consolidation,2024/03/31,United States,0,1
APP-10970,39,88645.51,23900.0,23896.94,731,2.0,$782.17,CO_LIVING,debt_consolidation,2024/06/16,United States,0,1
APP-10971,30,46837.03,9200.0,9203.98,593,,$316.34,RENT,medical,2024/04/23,United States,0,1
APP-10972,47,40460.91,15000.0,14999.99,736,2.2,$490.02,MORTGAGE,debt_consolidation,2024/05/29,United States,0,1
APP-10973,30,53693.91,13900.0,13899.11,694,0.5,$461.02,RENT,medical,2024/06/06,United States,0,1
APP-10974,33,29700.35,10400.0,10401.24,715,0.0,$342.33,MORTGAGE,debt_consolidation,2024/03/13,United States,0,1
APP-10975,18,171737.64,39700.0,39698.04,631,,"$1,346.75",OWN,home_improvement,2024/06/21,United States,0,1
APP-10976,33,,3300.0,3297.85,555,10.9,$115.00,MORTGAGE,debt_consolidation,2024/02/04,United States,1,0
APP-10977,18,54767.07,24500.0,24491.48,717,5.1,$805.87,MORTGAGE,small_business,2024/02/11,United States,0,1
APP-10978,20,165076.41,32500.0,32498.76,525,,"$1,144.61",RENT,medical,2024/05/12,United States,0,1
APP-10979,46,49221.21,22000.0,21997.6,656,2.0,$739.68,RENT,debt_consolidation,2024/01/27,United States,0,1
APP-10980,46,43738.18,19400.0,19397.42,750,2.0,$630.55,MORTGAGE,medical,2024/02/01,United States,0,1
APP-10981,42,39558.38,15400.0,15402.08,694,1.0,$510.77,RENT,small_business,2024/05/15,United States,0,1
APP-10982,27,43992.08,15300.0,15303.29,826,1.1,$483.69,RENT,debt_consolidation,2024/04/12,United States,1,0
APP-10983,37,111715.32,36100.0,36101.16,756,,"$1,170.79",OWN,debt_consolidation,2024/03/25,United States,1,0
APP-10984,37,13002.32,5300.0,5304.98,630,9.4,$179.86,OWN,small_business,2024/05/25,United States,1,0
APP-10985,25,123014.83,29100.0,29102.88,682,14.2,$969.32,CO_LIVING,small_business,2024/03/18,United States,0,1
APP-10986,54,,6100.0,6098.52,676,22.2,$203.63,RENT,small_business,2024/05/22,United States,0,1
APP-10987,47,41773.13,14000.0,13997.69,561,1.6,$486.86,RENT,medical,2024/06/02,United States,0,1
APP-10988,35,,10400.0,10401.56,609,12.8,$355.57,OWN,small_business,2024/02/13,United States,1,0
APP-10989,38,69782.04,19400.0,19402.87,637,2.4,$656.70,MORTGAGE,medical,2024/02/01,United States,0,1
APP-10990,40,18790.85,4700.0,4706.99,527,0.7,$165.41,OTHER,home_improvement,2024/01/28,United States,0,1
APP-10991,18,,20700.0,20705.96,683,12.2,$689.27,MORTGAGE,debt_consolidation,2024/06/15,United States,0,1
APP-10992,35,165146.09,66900.0,66897.29,661,6.1,"$2,245.27",RENT,debt_consolidation,2024/06/08,United States,0,1
APP-10993,30,,4600.0,4599.49,554,1.1,$160.36,MORTGAGE,credit_card,2024/03/17,United States,0,1
APP-10994,26,54930.48,23600.0,23603.36,710,3.4,$778.23,OWN,home_improvement,2024/01/18,United States,0,1
APP-10995,34,32952.11,11800.0,11805.34,733,2.0,$385.90,RENT,small_business,2024/04/12,United States,0,1
APP-10996,57,63293.15,25100.0,25104.69,697,,$831.58,MORTGAGE,small_business,2024/03/10,United States,0,1
APP-10997,45,49587.23,15700.0,15699.68,655,3.6,$528.05,MORTGAGE,home_improvement,2024/04/28,United States,0,1
APP-10998,31,33359.83,12800.0,12793.73,724,,$419.97,MORTGAGE,small_business,2024/05/18,United States,0,1
APP-10999,44,65691.4,10200.0,10195.01,731,,$333.81,MORTGAGE,credit_card,2024/06/08,United States,0,1
APP-11000,53,144727.63,57200.0,57201.36,703,2.6,"$1,890.99",RENT,medical,2024/05/27,United States,0,1
APP-11001,48,,7100.0,7101.71,618,3.9,$241.97,RENT,debt_consolidation,2024/04/06,United States,0,1
APP-11002,38,75497.5,31500.0,31494.51,700,4.2,"$1,042.49",MORTGAGE,home_improvement,2024/06/16,United States,0,1
APP-11003,30,22562.31,10100.0,10100.22,769,2.3,$326.02,RENT,debt_consolidation,2024/05/15,United States,0,1
APP-11004,45,,6600.0,6603.16,635,7.8,$223.57,CO_LIVING,medical,2024/02/04,United States,0,1
APP-11005,42,65084.63,13900.0,13894.24,837,12.5,$437.66,CO_LIVING,home_improvement,2024/03/09,United States,0,1
APP-11006,47,119428.08,45300.0,45305.52,640,16.8,"$1,531.80",MORTGAGE,medical,2024/05/05,United States,0,1
APP-11007,44,,13700.0,13698.11,682,9.8,$456.35,OWN,small_business,2024/04/08,United States,0,1
APP-11008,49,40626.07,16600.0,16606.29,629,11.4,$563.53,MORTGAGE,small_business,2024/03/18,United States,0,1
APP-11009,32,48999.96,8900.0,8897.33,696,4.8,$294.97,MORTGAGE,small_business,2024/05/28,United States,0,1
APP-11010,52,23150.12,4300.0,4294.87,549,10.5,$150.17,,medical,2024/04/20,United States,1,0
APP-11011,40,70453.57,31300.0,31297.71,639,2.2,"$1,058.77",RENT,medical,2024/05/31,United States,0,1
APP-11012,60,83233.05,29300.0,29299.52,598,3.0,"$1,005.68",RENT,medical,2024/01/17,United States,0,1
APP-11013,30,,15100.0,15098.06,690,2.3,$501.54,RENT,debt_consolidation,2024/05/25,United States,0,1
APP-11014,57,36974.17,9100.0,9098.92,754,3.8,$295.34,CO_LIVING,medical,2024/05/19,United States,0,1
APP-11015,40,57499.24,20300.0,20301.67,728,2.0,$665.08,RENT,small_business,2024/05/23,United States,0,1
APP-11016,30,37720.85,12400.0,12399.14,502,19.6,$440.24,RENT,credit_card,2024/01/04,United States,0,1
APP-11017,32,47113.76,15600.0,15599.67,833,2.3,$491.91,OWN,medical,2024/06/10,United States,0,1
APP-11018,34,172790.14,61300.0,61291.45,702,0.6,"$2,027.26",CO_LIVING,credit_card,2024/04/01,United States,0,1
APP-11019,42,,13600.0,13601.96,621,4.5,$463.00,CO_LIVING,small_business,2024/06/22,United States,0,1
APP-11020,43,39537.15,11000.0,10999.55,691,0.4,$365.23,MORTGAGE,medical,2024/03/15,United States,0,1
APP-11021,31,33238.86,7700.0,7708.05,693,0.7,$255.47,MORTGAGE,debt_consolidation,2024/06/07,United States,0,1
APP-11022,37,76612.47,29200.0,29195.3,629,1.5,$991.26,CO_LIVING,debt_consolidation,2024/06/01,United States,0,1
APP-11023,61,43970.12,9600.0,9590.96,694,3.7,$318.40,MORTGAGE,credit_card,2024/04/12,United States,0,1
APP-11024,57,,11900.0,11903.09,634,,$403.25,OWN,debt_consolidation,2024/01/24,United States,0,1
APP-11025,42,108313.21,23800.0,23801.73,649,9.6,$802.20,RENT,debt_consolidation,2024/03/05,United States,0,1
APP-11026,38,114893.6,38800.0,38794.96,628,,"$1,317.63",CO_LIVING,debt_consolidation,2024/04/26,United States,0,1
APP-11027,39,,12800.0,12792.35,572,3.3,$443.40,RENT,small_business,2024/06/01,United States,0,1
APP-11028,44,,3400.0,3407.69,690,2.4,$112.93,MORTGAGE,debt_consolidation,2024/06/04,United States,0,1
APP-11029,26,89725.31,15100.0,15107.07,723,,$495.61,RENT,home_improvement,2024/06/12,United States,0,1
APP-11030,35,32507.37,6200.0,6187.56,718,8.9,$203.86,MORTGAGE,medical,2024/03/22,United States,0,1
APP-11031,19,78776.92,26100.0,26097.71,741,0.3,$851.09,OWN,debt_consolidation,2024/01/06,United States,0,1
APP-11032,42,15032.02,6100.0,6108.32,704,0.1,$201.59,MORTGAGE,debt_consolidation,2024/03/06,United States,0,1
APP-11033,45,83747.23,13700.0,13697.62,640,9.5,$463.26,RENT,debt_consolidation,2024/03/07,United States,0,1
APP-11034,32,23701.58,8800.0,8797.55,742,3.9,$286.85,MORTGAGE,home_improvement,2024/03/12,United States,0,1
APP-11035,55,75997.71,19200.0,19198.59,578,0.8,$663.70,MORTGAGE,debt_consolidation,2024/04/04,United States,0,1
APP-11036,24,49442.41,14500.0,14494.4,612,1.6,$495.22,CO_LIVING,debt_consolidation,2024/02/17,United States,0,1
APP-11037,21,27657.06,11900.0,11891.48,607,16.2,$407.15,,medical,2024/03/10,United States,0,1
APP-11038,40,38398.67,9600.0,9605.26,761,11.8,$310.78,OWN,home_improvement,2024/03/18,United States,0,1
APP-11039,49,73997.83,21400.0,21390.79,750,7.4,$695.55,MORTGAGE,home_improvement,2024/03/07,United States,0,1
APP-11040,56,,8000.0,8001.24,716,3.9,$263.24,OWN,debt_consolidation,2024/06/24,United States,1,0
APP-11041,32,69608.91,12100.0,12104.43,760,4.4,$391.85,MORTGAGE,home_improvement,2024/03/05,United States,0,1
APP-11042,49,160470.33,36500.0,36492.74,614,22.2,"$1,245.71",MORTGAGE,credit_card,2024/06/20,United States,0,1
APP-11043,37,19176.77,3000.0,2995.38,706,20.2,$99.07,RENT,home_improvement,2024/03/03,United States,0,1
APP-11044,36,129356.51,43900.0,43906.07,670,1.5,"$1,468.61",RENT,home_improvement,2024/02/15,United States,0,1
APP-11045,47,,14500.0,14502.66,743,10.0,$472.48,CO_LIVING,home_improvement,2024/05/26,United States,0,1
APP-11046,45,28587.64,9000.0,8996.91,671,1.3,$300.97,MORTGAGE,small_business,2024/03/13,United States,0,1
APP-11047,20,22066.41,4500.0,4506.01,651,1.4,$151.57,RENT,small_business,2024/03/11,United States,1,0
APP-11048,54,43762.29,10400.0,10406.03,720,6.8,$341.72,OWN,small_business,2024/04/19,United States,0,1
APP-11049,53,85219.88,29800.0,29801.35,745,3.1,$970.33,MORTGAGE,home_improvement,2024/06/26,United States,0,1
APP-11050,31,45409.22,20000.0,19995.5,629,16.1,$678.95,RENT,credit_card,2024/03/03,United States,0,1
APP-11051,42,121381.4,20000.0,19997.93,675,0.6,$667.87,MORTGAGE,home_improvement,2024/02/10,United States,0,1
APP-11052,43,20522.86,8600.0,8601.43,600,4.3,$294.97,RENT,debt_consolidation,2024/01/07,United States,1,0
APP-11053,40,48666.52,15700.0,15699.06,492,15.0,$559.36,RENT,credit_card,2024/05/16,United States,1,0
APP-11054,31,,7400.0,7404.69,695,14.1,$245.34,MORTGAGE,small_business,2024/01/04,United States,0,1
APP-11055,30,60972.56,18300.0,18292.35,725,1.0,$600.20,CO_LIVING,medical,2024/03/29,United States,0,1
APP-11056,37,,14300.0,14292.53,699,2.7,$473.43,RENT,credit_card,2024/06/25,United States,1,0
APP-11057,50,38083.75,6700.0,6700.9,533,5.8,$235.30,,small_business,2024/05/13,United States,0,1
APP-11058,43,10275.03,3400.0,3397.54,653,1.0,$114.44,RENT,credit_card,2024/03/22,United States,0,1
APP-11059,33,55235.93,13900.0,13896.86,513,20.7,$491.60,MORTGAGE,credit_card,2024/01/21,United States,1,0
APP-11060,46,63706.58,27100.0,27091.16,782,14.8,$870.63,MORTGAGE,home_improvement,2024/05/22,United States,0,1
APP-11061,18,,17000.0,17000.1,598,1.1,$583.50,CO_LIVING,debt_consolidation,2024/05/07,United States,0,1
APP-11062,50,102895.51,19900.0,19899.74,774,0.8,$641.18,RENT,medical,2024/04/14,United States,0,1
APP-11063,18,,9400.0,9403.27,750,0.5,$305.52,MORTGAGE,small_business,2024/04/13,United States,0,1
APP-11064,34,73727.39,17500.0,17500.34,612,14.4,$597.68,OWN,credit_card,2024/03/08,United States,0,1
APP-11065,25,100258.24,30800.0,30799.34,595,1.3,"$1,058.29",RENT,medical,2024/06/08,United States,0,1
APP-11066,23,16862.5,6100.0,6105.89,706,3.2,$201.44,MORTGAGE,credit_card,2024/04/19,United States,0,1
APP-11067,50,,24900.0,24893.44,616,3.6,$849.21,RENT,debt_consolidation,2024/06/05,United States,0,1
APP-11068,32,36224.54,14000.0,14002.68,687,5.5,$465.50,MORTGAGE,medical,2024/03/06,United States,0,1
APP-11069,41,46680.71,16500.0,16491.64,643,0.4,$557.34,CO_LIVING,small_business,2024/06/10,United States,0,1
APP-11070,37,,21400.0,21395.81,546,1.5,$748.14,CO_LIVING,credit_card,2024/01/27,United States,0,1
APP-11071,43,36594.85,15900.0,15893.94,512,,$562.54,RENT,debt_consolidation,2024/02/29,United States,1,0
APP-11072,38,32681.85,7800.0,7803.91,697,14.3,$258.42,MORTGAGE,medical,2024/04/27,United States,1,0
APP-11073,23,50035.67,7500.0,7499.67,637,9.1,$253.88,MORTGAGE,credit_card,2024/06/15,United States,0,1
APP-11074,48,,5900.0,5899.93,638,0.1,$199.65,MORTGAGE,credit_card,2024/02/13,United States,0,1
APP-11075,32,25552.87,5500.0,5494.47,732,2.4,$179.93,RENT,small_business,2024/02/05,United States,0,1
APP-11076,20,73690.12,25700.0,25698.5,768,,$829.87,RENT,debt_consolidation,2024/01/19,United States,0,1
APP-11077,33,24605.46,8400.0,8396.18,659,1.9,$282.12,RENT,home_improvement,2024/03/31,United States,1,0
APP-11078,54,73114.9,24000.0,24001.92,654,14.4,$807.50,OWN,credit_card,2024/02/14,United States,0,1
APP-11079,47,64702.48,10000.0,9995.04,717,6.0,$328.93,OWN,medical,2024/05/28,United States,0,1
APP-11080,34,,6400.0,6406.65,578,0.4,$221.23,MORTGAGE,small_business,2024/05/30,United States,0,1
APP-11081,34,32645.46,8100.0,8091.62,696,14.4,$268.46,RENT,small_business,2024/06/03,United States,0,1
APP-11082,34,100354.65,35100.0,35095.97,721,19.0,"$1,152.87",MORTGAGE,credit_card,2024/04/07,United States,0,1
APP-11083,60,27208.93,8600.0,8608.39,731,0.5,$281.45,RENT,credit_card,2024/01/19,United States,0,1
APP-11084,42,37099.45,9400.0,9397.82,534,4.6,$330.01,MORTGAGE,credit_card,2024/02/10,United States,0,1
APP-11085,42,64681.89,12300.0,12293.43,622,2.2,$418.59,,home_improvement,2024/01/26,United States,0,1
APP-11086,49,78435.69,14000.0,14001.1,614,3.0,$477.81,OWN,credit_card,2024/01/28,United States,0,1
APP-11087,40,,16800.0,16797.62,687,1.2,$558.60,RENT,debt_consolidation,2024/03/04,United States,0,1
APP-11088,35,,14600.0,14595.82,716,5.2,$480.41,OWN,medical,2024/03/08,United States,0,1
APP-11089,35,,39700.0,39694.52,792,19.0,"$1,270.78",OWN,credit_card,2024/03/20,United States,0,1
APP-11090,37,139154.46,25200.0,25213.84,642,4.2,$851.52,OWN,home_improvement,2024/02/20,United States,0,1
APP-11091,37,88195.82,23900.0,23898.74,642,0.5,$807.59,RENT,medical,2024/04/11,United States,0,1
APP-11092,46,51595.56,19000.0,18990.37,766,5.8,$613.97,MORTGAGE,small_business,2024/06/24,United States,0,1
APP-11093,38,30183.19,11600.0,11607.47,702,2.5,$383.63,MORTGAGE,credit_card,2024/01/10,United States,0,1
APP-11094,46,29784.2,5500.0,5503.06,775,11.6,$177.15,MORTGAGE,medical,2024/06/15,United States,0,1
APP-11095,37,67071.1,10100.0,10096.17,701,3.4,$334.14,RENT,small_business,2024/04/09,United States,0,1
APP-11096,38,,22900.0,22895.33,593,1.3,$787.40,,home_improvement,2024/05/01,United States,0,1
APP-11097,18,113659.13,29200.0,29203.37,580,1.3,"$1,008.66",OWN,debt_consolidation,2024/05/26,United States,1,0
APP-11098,48,,16400.0,16398.77,563,8.8,$569.92,RENT,credit_card,2024/03/04,United States,0,1
APP-11099,41,19893.57,3100.0,3090.37,729,1.9,$101.53,OWN,debt_consolidation,2024/05/03,United States,1,0
APP-11100,48,92149.6,28800.0,28808.94,769,8.7,$929.63,CO_LIVING,home_improvement,2024/01/19,United States,0,1
APP-11101,18,26934.51,10900.0,10897.83,818,1.4,$345.60,RENT,medical,2024/03/16,United States,0,1
APP-11102,60,38933.77,17000.0,17007.48,743,2.3,$553.95,RENT,medical,2024/03/02,United States,0,1
APP-11103,36,,18200.0,18206.39,767,3.8,$587.90,CO_LIVING,home_improvement,2024/05/20,United States,1,0
APP-11104,50,162332.26,49400.0,49394.99,636,,"$1,672.82",MORTGAGE,home_improvement,2024/01/25,United States,0,1
APP-11105,26,316776.3,55600.0,55605.17,593,16.1,"$1,911.77",MORTGAGE,credit_card,2024/03/29,United States,0,1
APP-11106,44,70546.96,22200.0,22196.74,743,,$723.39,MORTGAGE,small_business,2024/04/01,United States,0,1
APP-11107,26,43918.11,11600.0,11590.67,711,2.7,$382.38,MORTGAGE,debt_consolidation,2024/02/11,United States,0,1
APP-11108,31,67555.41,22400.0,22397.88,688,1.0,$744.54,RENT,debt_consolidation,2024/04/26,United States,0,1
APP-11109,59,83499.28,22300.0,22301.99,709,4.3,$735.63,MORTGAGE,medical,2024/02/08,United States,0,1
APP-11110,35,40441.0,9000.0,8997.69,704,3.7,$297.43,MORTGAGE,medical,2024/06/06,United States,0,1
APP-11111,40,143936.4,25700.0,25698.46,776,13.9,$827.46,OWN,credit_card,2024/05/12,United States,0,1
APP-11112,47,56277.07,13800.0,13805.72,777,16.0,$444.15,OWN,home_improvement,2024/03/21,United States,0,1
APP-11113,43,,11800.0,11800.53,720,2.9,$387.72,MORTGAGE,debt_consolidation,2024/05/25,United States,0,1
APP-11114,39,73097.87,14800.0,14795.78,743,4.1,$482.26,,credit_card,2024/04/16,United States,0,1
APP-11115,42,63130.04,28200.0,28203.51,718,13.6,$927.24,MORTGAGE,medical,2024/04/20,United States,0,1
APP-11116,64,81094.0,23000.0,23000.99,645,9.9,$776.35,RENT,medical,2024/01/21,United States,0,1
APP-11117,37,33848.44,10500.0,10487.39,736,0.0,$343.01,RENT,debt_consolidation,2024/02/19,United States,0,1
APP-11118,40,,14500.0,14502.14,575,2.3,$501.76,,medical,2024/04/30,United States,1,0
APP-11119,49,,11400.0,11401.96,759,,$369.32,OWN,medical,2024/05/13,United States,0,1
APP-11120,50,63812.27,20700.0,20700.1,590,1.6,$712.51,MORTGAGE,small_business,2024/02/19,United States,0,1
APP-11121,51,78226.36,30800.0,30804.46,701,1.3,"$1,018.96",OTHER,home_improvement,2024/04/24,United States,0,1
APP-11122,45,64515.69,16000.0,15996.64,616,,$545.68,CO_LIVING,medical,2024/01/01,United States,0,1
APP-11123,25,133879.51,32400.0,32401.68,721,6.2,"$1,064.19",RENT,small_business,2024/01/30,United States,0,1
APP-11124,55,48856.48,13200.0,13192.17,677,,$440.48,MORTGAGE,credit_card,2024/04/16,United States,0,1
APP-11125,25,,25800.0,25802.04,560,0.3,$897.53,MORTGAGE,medical,2024/06/28,United States,0,1
APP-11126,41,25462.94,9000.0,9009.77,711,1.6,$296.68,RENT,credit_card,2024/06/13,United States,0,1
APP-11127,29,38860.76,9500.0,9495.03,636,9.7,$321.70,OWN,medical,2024/02/17,United States,0,1
APP-11128,37,74408.29,14100.0,14096.2,746,11.4,$458.95,CO_LIVING,debt_consolidation,2024/03/27,United States,0,1
APP-11129,41,81589.94,27700.0,27696.45,680,4.0,$923.35,,small_business,2024/05/08,United States,0,1
APP-11130,41,41094.1,7700.0,7700.65,709,3.2,$254.01,OWN,small_business,2024/01/19,United States,0,1
APP-11131,42,46959.48,15200.0,15194.68,608,22.9,$519.87,RENT,debt_consolidation,2024/02/15,United States,0,1
APP-11132,55,19717.77,7100.0,7102.11,635,1.3,$240.51,MORTGAGE,home_improvement,2024/05/09,United States,1,0
APP-11133,42,39568.26,14300.0,14304.23,645,1.5,$482.68,MORTGAGE,small_business,2024/02/25,United States,0,1
APP-11134,35,83636.05,31500.0,31502.67,744,2.1,"$1,026.06",RENT,credit_card,2024/05/24,United States,0,1
APP-11135,48,69225.39,28500.0,28491.16,805,1.1,$907.95,RENT,small_business,2024/04/01,United States,0,1
APP-11136,51,66197.6,19900.0,19904.98,619,2.9,$677.96,MORTGAGE,home_improvement,2024/03/22,United States,0,1
APP-11137,24,50506.85,18600.0,18604.69,760,14.5,$602.36,RENT,credit_card,2024/03/19,United States,0,1
APP-11138,44,,16500.0,16504.15,517,5.7,$582.74,RENT,credit_card,2024/05/29,United States,0,1
APP-11139,45,32984.97,6800.0,6801.86,590,3.2,$234.06,OWN,debt_consolidation,2024/04/14,United States,1,0
APP-11140,34,74555.35,11800.0,11801.1,608,,$403.58,,medical,2024/01/27,United States,0,1
APP-11141,53,63106.8,14900.0,14905.16,578,,$515.06,MORTGAGE,debt_consolidation,2024/02/24,United States,0,1
APP-11142,36,65855.04,18600.0,18609.62,561,1.4,$646.83,RENT,medical,2024/06/08,United States,0,1
APP-11143,39,35752.63,12000.0,11995.23,710,5.0,$395.71,,debt_consolidation,2024/02/29,United States,0,1
APP-11144,36,13466.96,5500.0,5505.39,663,5.7,$184.46,RENT,medical,2024/04/18,United States,0,1
APP-11145,38,94683.18,19800.0,19799.57,708,0.2,$653.40,CO_LIVING,small_business,2024/06/04,United States,0,1
APP-11146,25,,6900.0,6899.35,731,3.1,$225.82,RENT,credit_card,2024/06/04,United States,0,1
APP-11147,22,29211.99,12800.0,12792.32,699,6.3,$423.77,MORTGAGE,medical,2024/04/29,United States,0,1
APP-11148,55,74316.43,13600.0,13598.58,729,,$445.41,MORTGAGE,small_business,2024/06/01,United States,0,1
APP-11149,28,38746.37,11400.0,11395.01,674,6.1,$380.82,RENT,home_improvement,2024/03/25,United States,0,1
APP-11150,27,92592.35,30200.0,30197.68,590,2.3,"$1,039.51",MORTGAGE,debt_consolidation,2024/03/26,United States,0,1
APP-11151,18,70983.56,22200.0,22194.51,759,0.6,$719.20,MORTGAGE,home_improvement,2024/04/26,United States,0,1
APP-11152,30,73875.87,13000.0,12997.76,635,3.3,$440.37,MORTGAGE,small_business,2024/06/02,United States,0,1
APP-11153,23,21599.52,3600.0,3597.97,609,,$123.08,RENT,home_improvement,2024/04/17,United States,0,1
APP-11154,56,,18400.0,18400.48,666,17.7,$616.43,MORTGAGE,home_improvement,2024/03/15,United States,0,1
APP-11155,49,57339.8,18700.0,18691.93,611,3.9,$638.89,,small_business,2024/04/28,United States,0,1
APP-11156,30,39278.54,12300.0,12292.77,648,2.3,$414.73,CO_LIVING,credit_card,2024/05/24,United States,0,1
APP-11157,62,53424.95,11800.0,11801.81,705,,$389.82,MORTGAGE,medical,2024/01/07,United States,0,1
APP-11158,48,16886.32,5800.0,5796.01,706,4.1,$191.54,OWN,debt_consolidation,2024/05/27,United States,0,1
APP-11159,34,62642.03,24800.0,24805.37,612,2.2,$847.00,RENT,medical,2024/06/14,United States,0,1
APP-11160,18,26433.23,4300.0,4301.13,643,10.0,$145.25,RENT,debt_consolidation,2024/03/15,United States,0,1
APP-11161,63,21772.39,6500.0,6503.03,760,12.1,$210.50,CO_LIVING,medical,2024/02/27,United States,1,0
APP-11162,22,19664.78,7000.0,7007.05,717,6.7,$230.25,MORTGAGE,home_improvement,2024/01/16,United States,0,1
APP-11163,19,95569.88,21600.0,21598.45,835,0.3,$680.61,RENT,credit_card,2024/06/27,United States,0,1
APP-11164,49,33605.4,8100.0,8097.13,768,5.0,$261.55,MORTGAGE,home_improvement,2024/01/27,United States,0,1
APP-11165,64,123036.54,41100.0,41104.36,765,8.6,"$1,328.59",CO_LIVING,credit_card,2024/02/20,United States,0,1
APP-11166,53,35543.73,14900.0,14902.55,575,,$515.60,RENT,small_business,2024/03/15,United States,0,1
APP-11167,44,17598.79,6900.0,6899.06,737,,$225.33,CO_LIVING,debt_consolidation,2024/05/23,United States,1,0
APP-11168,44,25086.51,8200.0,8206.96,676,12.8,$273.73,RENT,debt_consolidation,2024/03/27,United States,0,1
APP-11169,47,,38000.0,37998.94,638,0.1,"$1,285.87",,small_business,2024/05/02,United States,0,1
APP-11170,46,44643.37,11600.0,11600.16,692,8.4,$385.01,OWN,medical,2024/03/16,United States,0,1
APP-11171,41,35278.45,12100.0,12100.11,750,3.9,$393.28,MORTGAGE,small_business,2024/02/09,United States,1,0
APP-11172,39,53960.68,15600.0,15595.33,717,,$513.13,RENT,small_business,2024/03/07,United States,0,1
APP-11173,37,66241.98,13700.0,13700.39,614,0.0,$467.57,MORTGAGE,credit_card,2024/05/09,United States,0,1
APP-11174,29,,34600.0,34606.98,735,10.3,"$1,130.71",,small_business,2024/04/11,United States,0,1
APP-11175,34,116902.97,37100.0,37102.22,632,2.7,"$1,258.10",RENT,debt_consolidation,2024/06/24,United States,0,1
APP-11176,19,39503.27,10200.0,10200.16,696,4.7,$338.06,MORTGAGE,home_improvement,2024/06/28,United States,0,1
APP-11177,36,22122.96,9400.0,9399.19,657,6.8,$315.93,CO_LIVING,credit_card,2024/05/31,United States,0,1
APP-11178,27,38250.84,6000.0,6001.65,663,7.3,$201.23,CO_LIVING,credit_card,2024/04/02,United States,0,1
APP-11179,25,57306.44,14000.0,14003.75,737,18.7,$457.18,,medical,2024/04/19,United States,0,1
APP-11180,39,27494.59,4600.0,4603.05,601,4.5,$157.72,CO_LIVING,home_improvement,2024/03/22,United States,0,1
APP-11181,53,27603.82,10500.0,10498.34,825,3.1,$332.07,RENT,credit_card,2024/03/18,United States,0,1
APP-11182,48,,21700.0,21701.62,543,18.4,$759.43,OWN,small_business,2024/01/02,United States,1,0
APP-11183,20,47610.5,11900.0,11902.4,635,6.2,$403.11,OWN,credit_card,2024/03/05,United States,0,1
APP-11184,27,49995.0,17600.0,17594.96,707,2.1,$581.01,RENT,credit_card,2024/01/20,United States,0,1
APP-11185,48,31098.12,8400.0,8400.84,723,0.8,$275.70,RENT,credit_card,2024/02/03,United States,0,1
APP-11186,27,42691.69,16100.0,16089.19,672,11.1,$538.22,RENT,medical,2024/02/10,United States,0,1
APP-11187,35,28154.43,8100.0,8102.41,675,2.7,$270.49,MORTGAGE,credit_card,2024/06/17,United States,0,1
APP-11188,44,83626.78,22900.0,22903.3,710,6.5,$755.15,OWN,credit_card,2024/01/23,United States,0,1
APP-11189,27,91230.96,39300.0,39303.74,662,3.8,"$1,318.50",RENT,medical,2024/02/07,United States,0,1
APP-11190,39,16192.24,3600.0,3598.02,784,1.3,$115.57,MORTGAGE,home_improvement,2024/06/20,United States,1,0
APP-11191,23,28065.42,5200.0,5201.55,742,,$169.50,MORTGAGE,debt_consolidation,2024/03/07,United States,0,1
APP-11192,31,19971.92,6500.0,6507.12,745,0.4,$211.65,CO_LIVING,medical,2024/03/02,United States,0,1
APP-11193,41,33189.39,14600.0,14607.07,607,3.2,$499.53,RENT,medical,2024/05/19,United States,0,1
APP-11194,20,46627.1,12300.0,12299.85,674,4.7,$410.89,MORTGAGE,credit_card,2024/01/30,United States,0,1
APP-11195,42,20541.71,3500.0,3500.7,657,3.4,$117.63,RENT,credit_card,2024/03/27,United States,0,1
APP-11196,37,28194.55,7100.0,7105.55,604,8.3,$243.18,RENT,debt_consolidation,2024/06/17,United States,0,1
APP-11197,44,,8100.0,8092.5,707,,$267.39,MORTGAGE,credit_card,2024/05/27,United States,0,1
APP-11198,40,55512.33,11000.0,10998.38,639,8.9,$372.09,RENT,small_business,2024/04/27,United States,0,1
APP-11199,53,51103.41,17800.0,17806.68,729,0.2,$582.96,RENT,credit_card,2024/01/06,United States,0,1
APP-10005,35,50229.36,8900.0,8896.08,826,14.4,$281.36,RENT,credit_card,2024/02/21,United States,0,1
APP-10006,55,32170.49,10600.0,10597.65,640,1.9,$358.43,CO_LIVING,small_business,2024/05/08,United States,0,1
APP-10007,46,32933.95,11100.0,11105.61,693,10.3,$368.28,OWN,debt_consolidation,2024/05/14,United States,0,1
APP-10008,32,21129.74,7300.0,7308.0,710,44.0,$240.72,RENT,debt_consolidation,2024/05/24,United States,0,1
APP-10009,43,140048.78,32200.0,32207.64,689,1.4,"$1,069.89",RENT,medical,2024/05/06,United States,0,1
APP-10010,32,23241.2,3600.0,3603.79,674,1.8,$120.26,MORTGAGE,medical,2024/06/19,United States,0,1
APP-10011,32,,14200.0,14198.74,590,6.5,$488.78,CO_LIVING,credit_card,2024/03/11,United States,0,1
APP-10012,-4,31855.19,7200.0,7183.79,788,20.2,$230.81,RENT,small_business,2024/01/17,United States,0,1
APP-10013,18,83864.24,29600.0,29601.49,815,14.8,$939.55,RENT,credit_card,2024/01/03,United States,0,1
APP-10014,19,41069.88,14900.0,14899.99,553,,$519.62,,small_business,2024/01/29,United States,0,1
APP-10015,31,103636.54,34500.0,34500.7,603,9.5,"$1,182.06",OWN,debt_consolidation,2024/01/22,United States,0,1
APP-10016,26,32725.36,8000.0,8000.27,659,0.9,$268.69,MORTGAGE,credit_card,2024/06/14,United States,0,1
APP-10017,41,57953.51,13400.0,13393.37,607,22.7,$458.47,CO_LIVING,medical,2024/02/23,United States,0,1
APP-10018,28,29696.72,9800.0,9802.79,717,20.0,$322.35,,credit_card,2024/04/16,United States,0,1
APP-10019,22,177564.55,72800.0,72803.16,625,1.1,"$2,474.89",CO_LIVING,credit_card,2024/06/26,United States,0,1
